Workbook

Sheet минимумы и максимумы
B1: school | C1: kindergarten | D1: polyclinic | E1: supermarket | F1: PVZ | G1: obshepit | H1: hotel | I1: BC | J1: bank | K1: stop | L1: to_centre | M1: condition | N1: value | O1: b_n | P1: zone | Q1: floors | R1: s_base | S1: complexity
A2: min | B2: 0 | C2: 0 | D2: 0 | E2: 0 | F2: 0 | G2: 0 | H2: 0 | I2: 0 | J2: 0 | K2: 0 | L2: 0 | M2: 1 | N2: 0 | O2: 0 | P2: 0 | Q2: 0 | R2: 0 | S2: 1
A3: max (k=1,5) | B3: 5 | C3: 10 | D3: 3 | E3: 24 | F3: 25 | G3: 53 | H3: 15 | I3: 18 | J3: 5 | K3: 31 | L3: 22197 | M3: 4 | N3: 1 | O3: 1 | P3: 4 | Q3: 6 | R3: 2273 | S3: 4
A4: max (k=3) | B4: 8 | C4: 16 | D4: 4 | E4: 37 | F4: 38 | G4: 83 | H4: 24 | I4: 28 | J4: 8 | K4: 47 | L4: 33352 | M4: 4 | N4: 1 | O4: 1 | P4: 4 | Q4: 9 | R4: 3476 | S4: 4
A7: итоговые лучшие
B8: school | C8: kindergarten | D8: polyclinic | E8: supermarket | F8: PVZ | G8: obshepit | H8: hotel | I8: BC | J8: bank | K8: stop | L8: to_centre | M8: condition | N8: value | O8: b_n | P8: zone | Q8: floors | R8: s_base | S8: complexity
A9: min | B9: 0 | C9: 0 | D9: 0 | E9: 0 | F9: 0 | G9: 0 | H9: 0 | I9: 0 | J9: 0 | K9: 0 | L9: 0 | M9: 1 | N9: 0 | O9: 0 | P9: 0 | Q9: 0 | R9: 0 | S9: 1
A10: max | B10: 9 | C10: 10 | D10: 3 | E10: 24 | F10: 29 | G10: 53 | H10: 15 | I10: 18 | J10: 14 | K10: 28 | L10: 22197 | M10: 4 | N10: 1 | O10: 1 | P10: 4 | Q10: 6 | R10: 3476 | S10: 4
F14: min (минимум) | G14: max (максимум) | I14: min (минимум) | J14: max (максимум)
D15: Кол-во городских сервисов в 5-минутной пешеходной зоне от заброшенного здания | E15: school (школа) | F15: 0 | G15: 9 | H15: to_centre (расстояние до центра города) | I15: 0 | J15: 22197
E16: kindergarten (детский сад) | F16: 0 | G16: 10 | H16: condition (состояние здания) | I16: 1 | J16: 4
E17: polyclinic (поликлиника) | F17: 0 | G17: 3 | H17: value (наличие статуса ОКН) | I17: 0 | J17: 1
E18: supermarket (продуктовый магазин) | F18: 0 | G18: 24 | H18: b_n (бывшее назначение) | I18: 0 | J18: 1
E19: PVZ (пункт выдачи заказов) | F19: 0 | G19: 29 | H19: zone (функциональная зона) | I19: 0 | J19: 4
E20: obshepit (заведение общественного питания) | F20: 0 | G20: 53 | H20: floors (кол-во этажей) | I20: 0 | J20: 6
E21: hotel (отель/гостиница) | F21: 0 | G21: 15 | H21: s_base (площадь основания здания) | I21: 0 | J21: 3476
E22: BC (бизнес-центр) | F22: 0 | G22: 18 | H22: complexity (сложность формы здания) | I22: 1 | J22: 4
E23: bank (отделение банка) | F23: 0 | G23: 14
E24: stop (остановка общественного транспорта) | F24: 0 | G24: 28

Sheet исходные данные
A1: id | B1: vosstanovleno | C1: sneseno | D1: school | E1: kindergarten | F1: polyclinic | G1: supermarket | H1: PVZ | I1: obshepit | J1: hotel | K1: BC | L1: bank | M1: stop | N1: to_centre | O1: condition | P1: value | Q1: b_n | R1: zone | S1: floors | T1: s_base | U1: complexity
A2: 1 | B2: 0 | C2: 0 | D2: 4 | E2: 8 | F2: 1 | G2: 16 | H2: 20 | I2: 63 | J2: 22 | K2: 6 | L2: 11 | M2: 15 | N2: 2950.1895 | O2: 2 | P2: 1 | Q2: 1 | R2: 3 | S2: 3 | T2: 1134 | U2: 4
A3: 2 | B3: 0 | C3: 0 | D3: 0 | E3: 0 | F3: 0 | G3: 0 | H3: 0 | I3: 1 | J3: 0 | K3: 1 | L3: 0 | M3: 1 | N3: 4015.3889 | O3: 1 | P3: 1 | Q3: 0 | R3: 1 | S3: 2 | T3: 3997 | U3: 2
A4: 3 | B4: 0 | C4: 0 | D4: 4 | E4: 4 | F4: 0 | G4: 9 | H4: 9 | I4: 53 | J4: 12 | K4: 5 | L4: 2 | M4: 12 | N4: 1994.4867 | O4: 1 | P4: 0 | Q4: 1 | R4: 3 | S4: 2 | T4: 189 | U4: 2
A5: 5 | B5: 0 | C5: 0 | D5: 2 | E5: 7 | F5: 0 | G5: 6 | H5: 5 | I5: 55 | J5: 7 | K5: 1 | L5: 3 | M5: 9 | N5: 2100.1041 | O5: 3 | P5: 1 | Q5: 1 | R5: 3 | S5: 3 | T5: 645 | U5: 3
A6: 6 | B6: 0 | C6: 0 | D6: 4 | E6: 6 | F6: 0 | G6: 5 | H6: 5 | I6: 54 | J6: 9 | K6: 1 | L6: 3 | M6: 9 | N6: 2160.4127 | O6: 4 | P6: 1 | Q6: 1 | R6: 4 | S6: 2 | T6: 1292 | U6: 4
A7: 7 | B7: 0 | C7: 0 | D7: 4 | E7: 6 | F7: 0 | G7: 7 | H7: 9 | I7: 64 | J7: 13 | K7: 4 | L7: 3 | M7: 8 | N7: 2350.988 | O7: 2 | P7: 0 | Q7: 1 | R7: 4 | S7: 2 | T7: 914 | U7: 4
A8: 17 | B8: 0 | C8: 0 | D8: 0 | E8: 0 | F8: 0 | G8: 3 | H8: 2 | I8: 36 | J8: 1 | K8: 0 | L8: 0 | M8: 7 | N8: 5361.1487 | O8: 3 | P8: 0 | Q8: 1 | R8: 3 | S8: 2 | T8: 139 | U8: 1
A9: 20 | B9: 0 | C9: 0 | D9: 1 | E9: 1 | F9: 1 | G9: 9 | H9: 8 | I9: 19 | J9: 9 | K9: 13 | L9: 3 | M9: 16 | N9: 4156.612 | O9: 2 | P9: 1 | Q9: 1 | R9: 3 | S9: 3 | T9: 1311 | U9: 3
A10: 21 | B10: 0 | C10: 1 | D10: 1 | E10: 3 | F10: 0 | G10: 9 | H10: 11 | I10: 32 | J10: 7 | K10: 0 | L10: 0 | M10: 10 | N10: 5138.2025 | O10: 1 | P10: 0 | Q10: 1 | R10: 4 | S10: 3 | T10: 400 | U10: 4
A11: 22 | B11: 0 | C11: 0 | D11: 4 | E11: 6 | F11: 0 | G11: 5 | H11: 5 | I11: 16 | J11: 3 | K11: 8 | L11: 0 | M11: 17 | N11: 3970.0577 | O11: 4 | P11: 0 | Q11: 1 | R11: 3 | S11: 4 | T11: 931 | U11: 1
A12: 27 | B12: 1 | C12: 0 | D12: 4 | E12: 6 | F12: 1 | G12: 20 | H12: 20 | I12: 45 | J12: 13 | K12: 5 | L12: 10 | M12: 17 | N12: 3300.0404 | O12: 3 | P12: 1 | Q12: 1 | R12: 4 | S12: 2 | T12: 274 | U12: 2
A13: 29 | B13: 0 | C13: 0 | D13: 7 | E13: 5 | F13: 2 | G13: 14 | H13: 16 | I13: 50 | J13: 16 | K13: 13 | L13: 7 | M13: 20 | N13: 2690.8462 | O13: 3 | P13: 1 | Q13: 1 | R13: 4 | S13: 2 | T13: 383 | U13: 3
... A432: 553 | B432: 0 | C432: 0 | D432: 0 | E432: 0 | F432: 0 | G432: 0 | H432: 0 | I432: 2 | J432: 0 | K432: 0 | L432: 0 | M432: 3 | N432: 9308.7609 | O432: 2 | P432: 0 | Q432: 0 | R432: 3 | S432: 1 | T432: 1168 | U432: 3

Sheet нормал итог
A1: id | B1: vosstanovleno | C1: sneseno | D1: school | E1: kindergarten | F1: polyclinic | G1: supermarket | H1: PVZ | I1: obshepit | J1: hotel | K1: BC | L1: bank | M1: stop | N1: to_centre | O1: condition | P1: value | Q1: b_n | R1: zone | S1: floors | T1: s_base | U1: complexity
A2: 1 | B2: 0 | C2: 0 | D2: =IF('исходные данные'!D2>'минимумы и максимумы'!B$10,100,('исходные данные'!D2-'минимумы и максимумы'!B$9)/('минимумы и максимумы'!B$10-'минимумы и максимумы'!B$9)*100) -> 44.444444 | E2: =IF('исходные данные'!E2>'минимумы и максимумы'!C$10,100,('исходные данные'!E2-'минимумы и максимумы'!C$9)/('минимумы и максимумы'!C$10-'минимумы и максимумы'!C$9)*100) -> 80 | F2: =IF('исходные данные'!F2>'минимумы и максимумы'!D$10,100,('исходные данные'!F2-'минимумы и максимумы'!D$9)/('минимумы и максимумы'!D$10-'минимумы и максимумы'!D$9)*100) -> 33.333333 | G2: =IF('исходные данные'!G2>'минимумы и максимумы'!E$10,100,('исходные данные'!G2-'минимумы и максимумы'!E$9)/('минимумы и максимумы'!E$10-'минимумы и максимумы'!E$9)*100) -> 66.666667 | H2: =IF('исходные данные'!H2>'минимумы и максимумы'!F$10,100,('исходные данные'!H2-'минимумы и максимумы'!F$9)/('минимумы и максимумы'!F$10-'минимумы и максимумы'!F$9)*100) -> 68.965517 | I2: =IF('исходные данные'!I2>'минимумы и максимумы'!G$10,100,('исходные данные'!I2-'минимумы и максимумы'!G$9)/('минимумы и максимумы'!G$10-'минимумы и максимумы'!G$9)*100) -> 100 | J2: =IF('исходные данные'!J2>'минимумы и максимумы'!H$10,100,('исходные данные'!J2-'минимумы и максимумы'!H$9)/('минимумы и максимумы'!H$10-'минимумы и максимумы'!H$9)*100) -> 100 | K2: =IF('исходные данные'!K2>'минимумы и максимумы'!I$10,100,('исходные данные'!K2-'минимумы и максимумы'!I$9)/('минимумы и максимумы'!I$10-'минимумы и максимумы'!I$9)*100) -> 33.333333 | ... U2: =IF('исходные данные'!U2>'минимумы и максимумы'!S$10,100,('исходные данные'!U2-'минимумы и максимумы'!S$9)/('минимумы и максимумы'!S$10-'минимумы и максимумы'!S$9)*100) -> 100
A3: 2 | B3: 0 | C3: 0 | D3: =IF('исходные данные'!D3>'минимумы и максимумы'!B$10,100,('исходные данные'!D3-'минимумы и максимумы'!B$9)/('минимумы и максимумы'!B$10-'минимумы и максимумы'!B$9)*100) -> 0 | E3: =IF('исходные данные'!E3>'минимумы и максимумы'!C$10,100,('исходные данные'!E3-'минимумы и максимумы'!C$9)/('минимумы и максимумы'!C$10-'минимумы и максимумы'!C$9)*100) -> 0 | F3: =IF('исходные данные'!F3>'минимумы и максимумы'!D$10,100,('исходные данные'!F3-'минимумы и максимумы'!D$9)/('минимумы и максимумы'!D$10-'минимумы и максимумы'!D$9)*100) -> 0 | G3: =IF('исходные данные'!G3>'минимумы и максимумы'!E$10,100,('исходные данные'!G3-'минимумы и максимумы'!E$9)/('минимумы и максимумы'!E$10-'минимумы и максимумы'!E$9)*100) -> 0 | H3: =IF('исходные данные'!H3>'минимумы и максимумы'!F$10,100,('исходные данные'!H3-'минимумы и максимумы'!F$9)/('минимумы и максимумы'!F$10-'минимумы и максимумы'!F$9)*100) -> 0 | I3: =IF('исходные данные'!I3>'минимумы и максимумы'!G$10,100,('исходные данные'!I3-'минимумы и максимумы'!G$9)/('минимумы и максимумы'!G$10-'минимумы и максимумы'!G$9)*100) -> 1.8867925 | J3: =IF('исходные данные'!J3>'минимумы и максимумы'!H$10,100,('исходные данные'!J3-'минимумы и максимумы'!H$9)/('минимумы и максимумы'!H$10-'минимумы и максимумы'!H$9)*100) -> 0 | K3: =IF('исходные данные'!K3>'минимумы и максимумы'!I$10,100,('исходные данные'!K3-'минимумы и максимумы'!I$9)/('минимумы и максимумы'!I$10-'минимумы и максимумы'!I$9)*100) -> 5.5555556 | ... U3: =IF('исходные данные'!U3>'минимумы и максимумы'!S$10,100,('исходные данные'!U3-'минимумы и максимумы'!S$9)/('минимумы и максимумы'!S$10-'минимумы и максимумы'!S$9)*100) -> 33.333333
A4: 3 | B4: 0 | C4: 0 | D4: =IF('исходные данные'!D4>'минимумы и максимумы'!B$10,100,('исходные данные'!D4-'минимумы и максимумы'!B$9)/('минимумы и максимумы'!B$10-'минимумы и максимумы'!B$9)*100) -> 44.444444 | E4: =IF('исходные данные'!E4>'минимумы и максимумы'!C$10,100,('исходные данные'!E4-'минимумы и максимумы'!C$9)/('минимумы и максимумы'!C$10-'минимумы и максимумы'!C$9)*100) -> 40 | F4: =IF('исходные данные'!F4>'минимумы и максимумы'!D$10,100,('исходные данные'!F4-'минимумы и максимумы'!D$9)/('минимумы и максимумы'!D$10-'минимумы и максимумы'!D$9)*100) -> 0 | G4: =IF('исходные данные'!G4>'минимумы и максимумы'!E$10,100,('исходные данные'!G4-'минимумы и максимумы'!E$9)/('минимумы и максимумы'!E$10-'минимумы и максимумы'!E$9)*100) -> 37.5 | H4: =IF('исходные данные'!H4>'минимумы и максимумы'!F$10,100,('исходные данные'!H4-'минимумы и максимумы'!F$9)/('минимумы и максимумы'!F$10-'минимумы и максимумы'!F$9)*100) -> 31.034483 | I4: =IF('исходные данные'!I4>'минимумы и максимумы'!G$10,100,('исходные данные'!I4-'минимумы и максимумы'!G$9)/('минимумы и максимумы'!G$10-'минимумы и максимумы'!G$9)*100) -> 100 | J4: =IF('исходные данные'!J4>'минимумы и максимумы'!H$10,100,('исходные данные'!J4-'минимумы и максимумы'!H$9)/('минимумы и максимумы'!H$10-'минимумы и максимумы'!H$9)*100) -> 80 | K4: =IF('исходные данные'!K4>'минимумы и максимумы'!I$10,100,('исходные данные'!K4-'минимумы и максимумы'!I$9)/('минимумы и максимумы'!I$10-'минимумы и максимумы'!I$9)*100) -> 27.777778 | ... U4: =IF('исходные данные'!U4>'минимумы и максимумы'!S$10,100,('исходные данные'!U4-'минимумы и максимумы'!S$9)/('минимумы и максимумы'!S$10-'минимумы и максимумы'!S$9)*100) -> 33.333333
A5: 5 | B5: 0 | C5: 0 | D5: =IF('исходные данные'!D5>'минимумы и максимумы'!B$10,100,('исходные данные'!D5-'минимумы и максимумы'!B$9)/('минимумы и максимумы'!B$10-'минимумы и максимумы'!B$9)*100) -> 22.222222 | E5: =IF('исходные данные'!E5>'минимумы и максимумы'!C$10,100,('исходные данные'!E5-'минимумы и максимумы'!C$9)/('минимумы и максимумы'!C$10-'минимумы и максимумы'!C$9)*100) -> 70 | F5: =IF('исходные данные'!F5>'минимумы и максимумы'!D$10,100,('исходные данные'!F5-'минимумы и максимумы'!D$9)/('минимумы и максимумы'!D$10-'минимумы и максимумы'!D$9)*100) -> 0 | G5: =IF('исходные данные'!G5>'минимумы и максимумы'!E$10,100,('исходные данные'!G5-'минимумы и максимумы'!E$9)/('минимумы и максимумы'!E$10-'минимумы и максимумы'!E$9)*100) -> 25 | H5: =IF('исходные данные'!H5>'минимумы и максимумы'!F$10,100,('исходные данные'!H5-'минимумы и максимумы'!F$9)/('минимумы и максимумы'!F$10-'минимумы и максимумы'!F$9)*100) -> 17.241379 | I5: =IF('исходные данные'!I5>'минимумы и максимумы'!G$10,100,('исходные данные'!I5-'минимумы и максимумы'!G$9)/('минимумы и максимумы'!G$10-'минимумы и максимумы'!G$9)*100) -> 100 | J5: =IF('исходные данные'!J5>'минимумы и максимумы'!H$10,100,('исходные данные'!J5-'минимумы и максимумы'!H$9)/('минимумы и максимумы'!H$10-'минимумы и максимумы'!H$9)*100) -> 46.666667 | K5: =IF('исходные данные'!K5>'минимумы и максимумы'!I$10,100,('исходные данные'!K5-'минимумы и максимумы'!I$9)/('минимумы и максимумы'!I$10-'минимумы и максимумы'!I$9)*100) -> 5.5555556 | ... U5: =IF('исходные данные'!U5>'минимумы и максимумы'!S$10,100,('исходные данные'!U5-'минимумы и максимумы'!S$9)/('минимумы и максимумы'!S$10-'минимумы и максимумы'!S$9)*100) -> 66.666667
A6: 6 | B6: 0 | C6: 0 | D6: =IF('исходные данные'!D6>'минимумы и максимумы'!B$10,100,('исходные данные'!D6-'минимумы и максимумы'!B$9)/('минимумы и максимумы'!B$10-'минимумы и максимумы'!B$9)*100) -> 44.444444 | E6: =IF('исходные данные'!E6>'минимумы и максимумы'!C$10,100,('исходные данные'!E6-'минимумы и максимумы'!C$9)/('минимумы и максимумы'!C$10-'минимумы и максимумы'!C$9)*100) -> 60 | F6: =IF('исходные данные'!F6>'минимумы и максимумы'!D$10,100,('исходные данные'!F6-'минимумы и максимумы'!D$9)/('минимумы и максимумы'!D$10-'минимумы и максимумы'!D$9)*100) -> 0 | G6: =IF('исходные данные'!G6>'минимумы и максимумы'!E$10,100,('исходные данные'!G6-'минимумы и максимумы'!E$9)/('минимумы и максимумы'!E$10-'минимумы и максимумы'!E$9)*100) -> 20.833333 | H6: =IF('исходные данные'!H6>'минимумы и максимумы'!F$10,100,('исходные данные'!H6-'минимумы и максимумы'!F$9)/('минимумы и максимумы'!F$10-'минимумы и максимумы'!F$9)*100) -> 17.241379 | I6: =IF('исходные данные'!I6>'минимумы и максимумы'!G$10,100,('исходные данные'!I6-'минимумы и максимумы'!G$9)/('минимумы и максимумы'!G$10-'минимумы и максимумы'!G$9)*100) -> 100 | J6: =IF('исходные данные'!J6>'минимумы и максимумы'!H$10,100,('исходные данные'!J6-'минимумы и максимумы'!H$9)/('минимумы и максимумы'!H$10-'минимумы и максимумы'!H$9)*100) -> 60 | K6: =IF('исходные данные'!K6>'минимумы и максимумы'!I$10,100,('исходные данные'!K6-'минимумы и максимумы'!I$9)/('минимумы и максимумы'!I$10-'минимумы и максимумы'!I$9)*100) -> 5.5555556 | ... U6: =IF('исходные данные'!U6>'минимумы и максимумы'!S$10,100,('исходные данные'!U6-'минимумы и максимумы'!S$9)/('минимумы и максимумы'!S$10-'минимумы и максимумы'!S$9)*100) -> 100
A7: 7 | B7: 0 | C7: 0 | D7: =IF('исходные данные'!D7>'минимумы и максимумы'!B$10,100,('исходные данные'!D7-'минимумы и максимумы'!B$9)/('минимумы и максимумы'!B$10-'минимумы и максимумы'!B$9)*100) -> 44.444444 | E7: =IF('исходные данные'!E7>'минимумы и максимумы'!C$10,100,('исходные данные'!E7-'минимумы и максимумы'!C$9)/('минимумы и максимумы'!C$10-'минимумы и максимумы'!C$9)*100) -> 60 | F7: =IF('исходные данные'!F7>'минимумы и максимумы'!D$10,100,('исходные данные'!F7-'минимумы и максимумы'!D$9)/('минимумы и максимумы'!D$10-'минимумы и максимумы'!D$9)*100) -> 0 | G7: =IF('исходные данные'!G7>'минимумы и максимумы'!E$10,100,('исходные данные'!G7-'минимумы и максимумы'!E$9)/('минимумы и максимумы'!E$10-'минимумы и максимумы'!E$9)*100) -> 29.166667 | H7: =IF('исходные данные'!H7>'минимумы и максимумы'!F$10,100,('исходные данные'!H7-'минимумы и максимумы'!F$9)/('минимумы и максимумы'!F$10-'минимумы и максимумы'!F$9)*100) -> 31.034483 | I7: =IF('исходные данные'!I7>'минимумы и максимумы'!G$10,100,('исходные данные'!I7-'минимумы и максимумы'!G$9)/('минимумы и максимумы'!G$10-'минимумы и максимумы'!G$9)*100) -> 100 | J7: =IF('исходные данные'!J7>'минимумы и максимумы'!H$10,100,('исходные данные'!J7-'минимумы и максимумы'!H$9)/('минимумы и максимумы'!H$10-'минимумы и максимумы'!H$9)*100) -> 86.666667 | K7: =IF('исходные данные'!K7>'минимумы и максимумы'!I$10,100,('исходные данные'!K7-'минимумы и максимумы'!I$9)/('минимумы и максимумы'!I$10-'минимумы и максимумы'!I$9)*100) -> 22.222222 | ... U7: =IF('исходные данные'!U7>'минимумы и максимумы'!S$10,100,('исходные данные'!U7-'минимумы и максимумы'!S$9)/('минимумы и максимумы'!S$10-'минимумы и максимумы'!S$9)*100) -> 100
A8: 17 | B8: 0 | C8: 0 | D8: =IF('исходные данные'!D8>'минимумы и максимумы'!B$10,100,('исходные данные'!D8-'минимумы и максимумы'!B$9)/('минимумы и максимумы'!B$10-'минимумы и максимумы'!B$9)*100) -> 0 | E8: =IF('исходные данные'!E8>'минимумы и максимумы'!C$10,100,('исходные данные'!E8-'минимумы и максимумы'!C$9)/('минимумы и максимумы'!C$10-'минимумы и максимумы'!C$9)*100) -> 0 | F8: =IF('исходные данные'!F8>'минимумы и максимумы'!D$10,100,('исходные данные'!F8-'минимумы и максимумы'!D$9)/('минимумы и максимумы'!D$10-'минимумы и максимумы'!D$9)*100) -> 0 | G8: =IF('исходные данные'!G8>'минимумы и максимумы'!E$10,100,('исходные данные'!G8-'минимумы и максимумы'!E$9)/('минимумы и максимумы'!E$10-'минимумы и максимумы'!E$9)*100) -> 12.5 | H8: =IF('исходные данные'!H8>'минимумы и максимумы'!F$10,100,('исходные данные'!H8-'минимумы и максимумы'!F$9)/('минимумы и максимумы'!F$10-'минимумы и максимумы'!F$9)*100) -> 6.8965517 | I8: =IF('исходные данные'!I8>'минимумы и максимумы'!G$10,100,('исходные данные'!I8-'минимумы и максимумы'!G$9)/('минимумы и максимумы'!G$10-'минимумы и максимумы'!G$9)*100) -> 67.924528 | J8: =IF('исходные данные'!J8>'минимумы и максимумы'!H$10,100,('исходные данные'!J8-'минимумы и максимумы'!H$9)/('минимумы и максимумы'!H$10-'минимумы и максимумы'!H$9)*100) -> 6.6666667 | K8: =IF('исходные данные'!K8>'минимумы и максимумы'!I$10,100,('исходные данные'!K8-'минимумы и максимумы'!I$9)/('минимумы и максимумы'!I$10-'минимумы и максимумы'!I$9)*100) -> 0 | ... U8: =IF('исходные данные'!U8>'минимумы и максимумы'!S$10,100,('исходные данные'!U8-'минимумы и максимумы'!S$9)/('минимумы и максимумы'!S$10-'минимумы и максимумы'!S$9)*100) -> 0
A9: 20 | B9: 0 | C9: 0 | D9: =IF('исходные данные'!D9>'минимумы и максимумы'!B$10,100,('исходные данные'!D9-'минимумы и максимумы'!B$9)/('минимумы и максимумы'!B$10-'минимумы и максимумы'!B$9)*100) -> 11.111111 | E9: =IF('исходные данные'!E9>'минимумы и максимумы'!C$10,100,('исходные данные'!E9-'минимумы и максимумы'!C$9)/('минимумы и максимумы'!C$10-'минимумы и максимумы'!C$9)*100) -> 10 | F9: =IF('исходные данные'!F9>'минимумы и максимумы'!D$10,100,('исходные данные'!F9-'минимумы и максимумы'!D$9)/('минимумы и максимумы'!D$10-'минимумы и максимумы'!D$9)*100) -> 33.333333 | G9: =IF('исходные данные'!G9>'минимумы и максимумы'!E$10,100,('исходные данные'!G9-'минимумы и максимумы'!E$9)/('минимумы и максимумы'!E$10-'минимумы и максимумы'!E$9)*100) -> 37.5 | H9: =IF('исходные данные'!H9>'минимумы и максимумы'!F$10,100,('исходные данные'!H9-'минимумы и максимумы'!F$9)/('минимумы и максимумы'!F$10-'минимумы и максимумы'!F$9)*100) -> 27.586207 | I9: =IF('исходные данные'!I9>'минимумы и максимумы'!G$10,100,('исходные данные'!I9-'минимумы и максимумы'!G$9)/('минимумы и максимумы'!G$10-'минимумы и максимумы'!G$9)*100) -> 35.849057 | J9: =IF('исходные данные'!J9>'минимумы и максимумы'!H$10,100,('исходные данные'!J9-'минимумы и максимумы'!H$9)/('минимумы и максимумы'!H$10-'минимумы и максимумы'!H$9)*100) -> 60 | K9: =IF('исходные данные'!K9>'минимумы и максимумы'!I$10,100,('исходные данные'!K9-'минимумы и максимумы'!I$9)/('минимумы и максимумы'!I$10-'минимумы и максимумы'!I$9)*100) -> 72.222222 | ... U9: =IF('исходные данные'!U9>'минимумы и максимумы'!S$10,100,('исходные данные'!U9-'минимумы и максимумы'!S$9)/('минимумы и максимумы'!S$10-'минимумы и максимумы'!S$9)*100) -> 66.666667
A10: 21 | B10: 0 | C10: 1 | D10: =IF('исходные данные'!D10>'минимумы и максимумы'!B$10,100,('исходные данные'!D10-'минимумы и максимумы'!B$9)/('минимумы и максимумы'!B$10-'минимумы и максимумы'!B$9)*100) -> 11.111111 | E10: =IF('исходные данные'!E10>'минимумы и максимумы'!C$10,100,('исходные данные'!E10-'минимумы и максимумы'!C$9)/('минимумы и максимумы'!C$10-'минимумы и максимумы'!C$9)*100) -> 30 | F10: =IF('исходные данные'!F10>'минимумы и максимумы'!D$10,100,('исходные данные'!F10-'минимумы и максимумы'!D$9)/('минимумы и максимумы'!D$10-'минимумы и максимумы'!D$9)*100) -> 0 | G10: =IF('исходные данные'!G10>'минимумы и максимумы'!E$10,100,('исходные данные'!G10-'минимумы и максимумы'!E$9)/('минимумы и максимумы'!E$10-'минимумы и максимумы'!E$9)*100) -> 37.5 | H10: =IF('исходные данные'!H10>'минимумы и максимумы'!F$10,100,('исходные данные'!H10-'минимумы и максимумы'!F$9)/('минимумы и максимумы'!F$10-'минимумы и максимумы'!F$9)*100) -> 37.931034 | I10: =IF('исходные данные'!I10>'минимумы и максимумы'!G$10,100,('исходные данные'!I10-'минимумы и максимумы'!G$9)/('минимумы и максимумы'!G$10-'минимумы и максимумы'!G$9)*100) -> 60.377358 | J10: =IF('исходные данные'!J10>'минимумы и максимумы'!H$10,100,('исходные данные'!J10-'минимумы и максимумы'!H$9)/('минимумы и максимумы'!H$10-'минимумы и максимумы'!H$9)*100) -> 46.666667 | K10: =IF('исходные данные'!K10>'минимумы и максимумы'!I$10,100,('исходные данные'!K10-'минимумы и максимумы'!I$9)/('минимумы и максимумы'!I$10-'минимумы и максимумы'!I$9)*100) -> 0 | ... U10: =IF('исходные данные'!U10>'минимумы и максимумы'!S$10,100,('исходные данные'!U10-'минимумы и максимумы'!S$9)/('минимумы и максимумы'!S$10-'минимумы и максимумы'!S$9)*100) -> 100
A11: 22 | B11: 0 | C11: 0 | D11: =IF('исходные данные'!D11>'минимумы и максимумы'!B$10,100,('исходные данные'!D11-'минимумы и максимумы'!B$9)/('минимумы и максимумы'!B$10-'минимумы и максимумы'!B$9)*100) -> 44.444444 | E11: =IF('исходные данные'!E11>'минимумы и максимумы'!C$10,100,('исходные данные'!E11-'минимумы и максимумы'!C$9)/('минимумы и максимумы'!C$10-'минимумы и максимумы'!C$9)*100) -> 60 | F11: =IF('исходные данные'!F11>'минимумы и максимумы'!D$10,100,('исходные данные'!F11-'минимумы и максимумы'!D$9)/('минимумы и максимумы'!D$10-'минимумы и максимумы'!D$9)*100) -> 0 | G11: =IF('исходные данные'!G11>'минимумы и максимумы'!E$10,100,('исходные данные'!G11-'минимумы и максимумы'!E$9)/('минимумы и максимумы'!E$10-'минимумы и максимумы'!E$9)*100) -> 20.833333 | H11: =IF('исходные данные'!H11>'минимумы и максимумы'!F$10,100,('исходные данные'!H11-'минимумы и максимумы'!F$9)/('минимумы и максимумы'!F$10-'минимумы и максимумы'!F$9)*100) -> 17.241379 | I11: =IF('исходные данные'!I11>'минимумы и максимумы'!G$10,100,('исходные данные'!I11-'минимумы и максимумы'!G$9)/('минимумы и максимумы'!G$10-'минимумы и максимумы'!G$9)*100) -> 30.188679 | J11: =IF('исходные данные'!J11>'минимумы и максимумы'!H$10,100,('исходные данные'!J11-'минимумы и максимумы'!H$9)/('минимумы и максимумы'!H$10-'минимумы и максимумы'!H$9)*100) -> 20 | K11: =IF('исходные данные'!K11>'минимумы и максимумы'!I$10,100,('исходные данные'!K11-'минимумы и максимумы'!I$9)/('минимумы и максимумы'!I$10-'минимумы и максимумы'!I$9)*100) -> 44.444444 | ... U11: =IF('исходные данные'!U11>'минимумы и максимумы'!S$10,100,('исходные данные'!U11-'минимумы и максимумы'!S$9)/('минимумы и максимумы'!S$10-'минимумы и максимумы'!S$9)*100) -> 0
A12: 27 | B12: 1 | C12: 0 | D12: =IF('исходные данные'!D12>'минимумы и максимумы'!B$10,100,('исходные данные'!D12-'минимумы и максимумы'!B$9)/('минимумы и максимумы'!B$10-'минимумы и максимумы'!B$9)*100) -> 44.444444 | E12: =IF('исходные данные'!E12>'минимумы и максимумы'!C$10,100,('исходные данные'!E12-'минимумы и максимумы'!C$9)/('минимумы и максимумы'!C$10-'минимумы и максимумы'!C$9)*100) -> 60 | F12: =IF('исходные данные'!F12>'минимумы и максимумы'!D$10,100,('исходные данные'!F12-'минимумы и максимумы'!D$9)/('минимумы и максимумы'!D$10-'минимумы и максимумы'!D$9)*100) -> 33.333333 | G12: =IF('исходные данные'!G12>'минимумы и максимумы'!E$10,100,('исходные данные'!G12-'минимумы и максимумы'!E$9)/('минимумы и максимумы'!E$10-'минимумы и максимумы'!E$9)*100) -> 83.333333 | H12: =IF('исходные данные'!H12>'минимумы и максимумы'!F$10,100,('исходные данные'!H12-'минимумы и максимумы'!F$9)/('минимумы и максимумы'!F$10-'минимумы и максимумы'!F$9)*100) -> 68.965517 | I12: =IF('исходные данные'!I12>'минимумы и максимумы'!G$10,100,('исходные данные'!I12-'минимумы и максимумы'!G$9)/('минимумы и максимумы'!G$10-'минимумы и максимумы'!G$9)*100) -> 84.90566 | J12: =IF('исходные данные'!J12>'минимумы и максимумы'!H$10,100,('исходные данные'!J12-'минимумы и максимумы'!H$9)/('минимумы и максимумы'!H$10-'минимумы и максимумы'!H$9)*100) -> 86.666667 | K12: =IF('исходные данные'!K12>'минимумы и максимумы'!I$10,100,('исходные данные'!K12-'минимумы и максимумы'!I$9)/('минимумы и максимумы'!I$10-'минимумы и максимумы'!I$9)*100) -> 27.777778 | ... U12: =IF('исходные данные'!U12>'минимумы и максимумы'!S$10,100,('исходные данные'!U12-'минимумы и максимумы'!S$9)/('минимумы и максимумы'!S$10-'минимумы и максимумы'!S$9)*100) -> 33.333333
A13: 29 | B13: 0 | C13: 0 | D13: =IF('исходные данные'!D13>'минимумы и максимумы'!B$10,100,('исходные данные'!D13-'минимумы и максимумы'!B$9)/('минимумы и максимумы'!B$10-'минимумы и максимумы'!B$9)*100) -> 77.777778 | E13: =IF('исходные данные'!E13>'минимумы и максимумы'!C$10,100,('исходные данные'!E13-'минимумы и максимумы'!C$9)/('минимумы и максимумы'!C$10-'минимумы и максимумы'!C$9)*100) -> 50 | F13: =IF('исходные данные'!F13>'минимумы и максимумы'!D$10,100,('исходные данные'!F13-'минимумы и максимумы'!D$9)/('минимумы и максимумы'!D$10-'минимумы и максимумы'!D$9)*100) -> 66.666667 | G13: =IF('исходные данные'!G13>'минимумы и максимумы'!E$10,100,('исходные данные'!G13-'минимумы и максимумы'!E$9)/('минимумы и максимумы'!E$10-'минимумы и максимумы'!E$9)*100) -> 58.333333 | H13: =IF('исходные данные'!H13>'минимумы и максимумы'!F$10,100,('исходные данные'!H13-'минимумы и максимумы'!F$9)/('минимумы и максимумы'!F$10-'минимумы и максимумы'!F$9)*100) -> 55.172414 | I13: =IF('исходные данные'!I13>'минимумы и максимумы'!G$10,100,('исходные данные'!I13-'минимумы и максимумы'!G$9)/('минимумы и максимумы'!G$10-'минимумы и максимумы'!G$9)*100) -> 94.339623 | J13: =IF('исходные данные'!J13>'минимумы и максимумы'!H$10,100,('исходные данные'!J13-'минимумы и максимумы'!H$9)/('минимумы и максимумы'!H$10-'минимумы и максимумы'!H$9)*100) -> 100 | K13: =IF('исходные данные'!K13>'минимумы и максимумы'!I$10,100,('исходные данные'!K13-'минимумы и максимумы'!I$9)/('минимумы и максимумы'!I$10-'минимумы и максимумы'!I$9)*100) -> 72.222222 | ... U13: =IF('исходные данные'!U13>'минимумы и максимумы'!S$10,100,('исходные данные'!U13-'минимумы и максимумы'!S$9)/('минимумы и максимумы'!S$10-'минимумы и максимумы'!S$9)*100) -> 66.666667
... A432: 553 | B432: 0 | C432: 0 | D432: =IF('исходные данные'!D432>'минимумы и максимумы'!B$10,100,('исходные данные'!D432-'минимумы и максимумы'!B$9)/('минимумы и максимумы'!B$10-'минимумы и максимумы'!B$9)*100) -> 0 | E432: =IF('исходные данные'!E432>'минимумы и максимумы'!C$10,100,('исходные данные'!E432-'минимумы и максимумы'!C$9)/('минимумы и максимумы'!C$10-'минимумы и максимумы'!C$9)*100) -> 0 | F432: =IF('исходные данные'!F432>'минимумы и максимумы'!D$10,100,('исходные данные'!F432-'минимумы и максимумы'!D$9)/('минимумы и максимумы'!D$10-'минимумы и максимумы'!D$9)*100) -> 0 | G432: =IF('исходные данные'!G432>'минимумы и максимумы'!E$10,100,('исходные данные'!G432-'минимумы и максимумы'!E$9)/('минимумы и максимумы'!E$10-'минимумы и максимумы'!E$9)*100) -> 0 | H432: =IF('исходные данные'!H432>'минимумы и максимумы'!F$10,100,('исходные данные'!H432-'минимумы и максимумы'!F$9)/('минимумы и максимумы'!F$10-'минимумы и максимумы'!F$9)*100) -> 0 | I432: =IF('исходные данные'!I432>'минимумы и максимумы'!G$10,100,('исходные данные'!I432-'минимумы и максимумы'!G$9)/('минимумы и максимумы'!G$10-'минимумы и максимумы'!G$9)*100) -> 3.7735849 | J432: =IF('исходные данные'!J432>'минимумы и максимумы'!H$10,100,('исходные данные'!J432-'минимумы и максимумы'!H$9)/('минимумы и максимумы'!H$10-'минимумы и максимумы'!H$9)*100) -> 0 | K432: =IF('исходные данные'!K432>'минимумы и максимумы'!I$10,100,('исходные данные'!K432-'минимумы и максимумы'!I$9)/('минимумы и максимумы'!I$10-'минимумы и максимумы'!I$9)*100) -> 0 | ... U432: =IF('исходные данные'!U432>'минимумы и максимумы'!S$10,100,('исходные данные'!U432-'минимумы и максимумы'!S$9)/('минимумы и максимумы'!S$10-'минимумы и максимумы'!S$9)*100) -> 66.666667

Sheet нормал с макс с К 1,5
A1: id | B1: vosstanovleno | C1: sneseno | D1: school | E1: kindergarten | F1: polyclinic | G1: supermarket | H1: PVZ | I1: obshepit | J1: hotel | K1: BC | L1: bank | M1: stop | N1: to_centre | O1: condition | P1: value | Q1: b_n | R1: zone | S1: floors | T1: s_base | U1: complexity
A2: 1 | B2: 0 | C2: 0 | D2: =IF('исходные данные'!D2>'минимумы и максимумы'!B$3,100,('исходные данные'!D2-'минимумы и максимумы'!B$2)/('минимумы и максимумы'!B$3-'минимумы и максимумы'!B$2)*100) -> 80 | E2: =IF('исходные данные'!E2>'минимумы и максимумы'!C$3,100,('исходные данные'!E2-'минимумы и максимумы'!C$2)/('минимумы и максимумы'!C$3-'минимумы и максимумы'!C$2)*100) -> 80 | F2: =IF('исходные данные'!F2>'минимумы и максимумы'!D$3,100,('исходные данные'!F2-'минимумы и максимумы'!D$2)/('минимумы и максимумы'!D$3-'минимумы и максимумы'!D$2)*100) -> 33.333333 | G2: =IF('исходные данные'!G2>'минимумы и максимумы'!E$3,100,('исходные данные'!G2-'минимумы и максимумы'!E$2)/('минимумы и максимумы'!E$3-'минимумы и максимумы'!E$2)*100) -> 66.666667 | H2: =IF('исходные данные'!H2>'минимумы и максимумы'!F$3,100,('исходные данные'!H2-'минимумы и максимумы'!F$2)/('минимумы и максимумы'!F$3-'минимумы и максимумы'!F$2)*100) -> 80 | I2: =IF('исходные данные'!I2>'минимумы и максимумы'!G$3,100,('исходные данные'!I2-'минимумы и максимумы'!G$2)/('минимумы и максимумы'!G$3-'минимумы и максимумы'!G$2)*100) -> 100 | J2: =IF('исходные данные'!J2>'минимумы и максимумы'!H$3,100,('исходные данные'!J2-'минимумы и максимумы'!H$2)/('минимумы и максимумы'!H$3-'минимумы и максимумы'!H$2)*100) -> 100 | K2: =IF('исходные данные'!K2>'минимумы и максимумы'!I$3,100,('исходные данные'!K2-'минимумы и максимумы'!I$2)/('минимумы и максимумы'!I$3-'минимумы и максимумы'!I$2)*100) -> 33.333333 | ... U2: =IF('исходные данные'!U2>'минимумы и максимумы'!S$3,100,('исходные данные'!U2-'минимумы и максимумы'!S$2)/('минимумы и максимумы'!S$3-'минимумы и максимумы'!S$2)*100) -> 100
A3: 2 | B3: 0 | C3: 0 | D3: =IF('исходные данные'!D3>'минимумы и максимумы'!B$3,100,('исходные данные'!D3-'минимумы и максимумы'!B$2)/('минимумы и максимумы'!B$3-'минимумы и максимумы'!B$2)*100) -> 0 | E3: =IF('исходные данные'!E3>'минимумы и максимумы'!C$3,100,('исходные данные'!E3-'минимумы и максимумы'!C$2)/('минимумы и максимумы'!C$3-'минимумы и максимумы'!C$2)*100) -> 0 | F3: =IF('исходные данные'!F3>'минимумы и максимумы'!D$3,100,('исходные данные'!F3-'минимумы и максимумы'!D$2)/('минимумы и максимумы'!D$3-'минимумы и максимумы'!D$2)*100) -> 0 | G3: =IF('исходные данные'!G3>'минимумы и максимумы'!E$3,100,('исходные данные'!G3-'минимумы и максимумы'!E$2)/('минимумы и максимумы'!E$3-'минимумы и максимумы'!E$2)*100) -> 0 | H3: =IF('исходные данные'!H3>'минимумы и максимумы'!F$3,100,('исходные данные'!H3-'минимумы и максимумы'!F$2)/('минимумы и максимумы'!F$3-'минимумы и максимумы'!F$2)*100) -> 0 | I3: =IF('исходные данные'!I3>'минимумы и максимумы'!G$3,100,('исходные данные'!I3-'минимумы и максимумы'!G$2)/('минимумы и максимумы'!G$3-'минимумы и максимумы'!G$2)*100) -> 1.8867925 | J3: =IF('исходные данные'!J3>'минимумы и максимумы'!H$3,100,('исходные данные'!J3-'минимумы и максимумы'!H$2)/('минимумы и максимумы'!H$3-'минимумы и максимумы'!H$2)*100) -> 0 | K3: =IF('исходные данные'!K3>'минимумы и максимумы'!I$3,100,('исходные данные'!K3-'минимумы и максимумы'!I$2)/('минимумы и максимумы'!I$3-'минимумы и максимумы'!I$2)*100) -> 5.5555556 | ... U3: =IF('исходные данные'!U3>'минимумы и максимумы'!S$3,100,('исходные данные'!U3-'минимумы и максимумы'!S$2)/('минимумы и максимумы'!S$3-'минимумы и максимумы'!S$2)*100) -> 33.333333
A4: 3 | B4: 0 | C4: 0 | D4: =IF('исходные данные'!D4>'минимумы и максимумы'!B$3,100,('исходные данные'!D4-'минимумы и максимумы'!B$2)/('минимумы и максимумы'!B$3-'минимумы и максимумы'!B$2)*100) -> 80 | E4: =IF('исходные данные'!E4>'минимумы и максимумы'!C$3,100,('исходные данные'!E4-'минимумы и максимумы'!C$2)/('минимумы и максимумы'!C$3-'минимумы и максимумы'!C$2)*100) -> 40 | F4: =IF('исходные данные'!F4>'минимумы и максимумы'!D$3,100,('исходные данные'!F4-'минимумы и максимумы'!D$2)/('минимумы и максимумы'!D$3-'минимумы и максимумы'!D$2)*100) -> 0 | G4: =IF('исходные данные'!G4>'минимумы и максимумы'!E$3,100,('исходные данные'!G4-'минимумы и максимумы'!E$2)/('минимумы и максимумы'!E$3-'минимумы и максимумы'!E$2)*100) -> 37.5 | H4: =IF('исходные данные'!H4>'минимумы и максимумы'!F$3,100,('исходные данные'!H4-'минимумы и максимумы'!F$2)/('минимумы и максимумы'!F$3-'минимумы и максимумы'!F$2)*100) -> 36 | I4: =IF('исходные данные'!I4>'минимумы и максимумы'!G$3,100,('исходные данные'!I4-'минимумы и максимумы'!G$2)/('минимумы и максимумы'!G$3-'минимумы и максимумы'!G$2)*100) -> 100 | J4: =IF('исходные данные'!J4>'минимумы и максимумы'!H$3,100,('исходные данные'!J4-'минимумы и максимумы'!H$2)/('минимумы и максимумы'!H$3-'минимумы и максимумы'!H$2)*100) -> 80 | K4: =IF('исходные данные'!K4>'минимумы и максимумы'!I$3,100,('исходные данные'!K4-'минимумы и максимумы'!I$2)/('минимумы и максимумы'!I$3-'минимумы и максимумы'!I$2)*100) -> 27.777778 | ... U4: =IF('исходные данные'!U4>'минимумы и максимумы'!S$3,100,('исходные данные'!U4-'минимумы и максимумы'!S$2)/('минимумы и максимумы'!S$3-'минимумы и максимумы'!S$2)*100) -> 33.333333
A5: 5 | B5: 0 | C5: 0 | D5: =IF('исходные данные'!D5>'минимумы и максимумы'!B$3,100,('исходные данные'!D5-'минимумы и максимумы'!B$2)/('минимумы и максимумы'!B$3-'минимумы и максимумы'!B$2)*100) -> 40 | E5: =IF('исходные данные'!E5>'минимумы и максимумы'!C$3,100,('исходные данные'!E5-'минимумы и максимумы'!C$2)/('минимумы и максимумы'!C$3-'минимумы и максимумы'!C$2)*100) -> 70 | F5: =IF('исходные данные'!F5>'минимумы и максимумы'!D$3,100,('исходные данные'!F5-'минимумы и максимумы'!D$2)/('минимумы и максимумы'!D$3-'минимумы и максимумы'!D$2)*100) -> 0 | G5: =IF('исходные данные'!G5>'минимумы и максимумы'!E$3,100,('исходные данные'!G5-'минимумы и максимумы'!E$2)/('минимумы и максимумы'!E$3-'минимумы и максимумы'!E$2)*100) -> 25 | H5: =IF('исходные данные'!H5>'минимумы и максимумы'!F$3,100,('исходные данные'!H5-'минимумы и максимумы'!F$2)/('минимумы и максимумы'!F$3-'минимумы и максимумы'!F$2)*100) -> 20 | I5: =IF('исходные данные'!I5>'минимумы и максимумы'!G$3,100,('исходные данные'!I5-'минимумы и максимумы'!G$2)/('минимумы и максимумы'!G$3-'минимумы и максимумы'!G$2)*100) -> 100 | J5: =IF('исходные данные'!J5>'минимумы и максимумы'!H$3,100,('исходные данные'!J5-'минимумы и максимумы'!H$2)/('минимумы и максимумы'!H$3-'минимумы и максимумы'!H$2)*100) -> 46.666667 | K5: =IF('исходные данные'!K5>'минимумы и максимумы'!I$3,100,('исходные данные'!K5-'минимумы и максимумы'!I$2)/('минимумы и максимумы'!I$3-'минимумы и максимумы'!I$2)*100) -> 5.5555556 | ... U5: =IF('исходные данные'!U5>'минимумы и максимумы'!S$3,100,('исходные данные'!U5-'минимумы и максимумы'!S$2)/('минимумы и максимумы'!S$3-'минимумы и максимумы'!S$2)*100) -> 66.666667
A6: 6 | B6: 0 | C6: 0 | D6: =IF('исходные данные'!D6>'минимумы и максимумы'!B$3,100,('исходные данные'!D6-'минимумы и максимумы'!B$2)/('минимумы и максимумы'!B$3-'минимумы и максимумы'!B$2)*100) -> 80 | E6: =IF('исходные данные'!E6>'минимумы и максимумы'!C$3,100,('исходные данные'!E6-'минимумы и максимумы'!C$2)/('минимумы и максимумы'!C$3-'минимумы и максимумы'!C$2)*100) -> 60 | F6: =IF('исходные данные'!F6>'минимумы и максимумы'!D$3,100,('исходные данные'!F6-'минимумы и максимумы'!D$2)/('минимумы и максимумы'!D$3-'минимумы и максимумы'!D$2)*100) -> 0 | G6: =IF('исходные данные'!G6>'минимумы и максимумы'!E$3,100,('исходные данные'!G6-'минимумы и максимумы'!E$2)/('минимумы и максимумы'!E$3-'минимумы и максимумы'!E$2)*100) -> 20.833333 | H6: =IF('исходные данные'!H6>'минимумы и максимумы'!F$3,100,('исходные данные'!H6-'минимумы и максимумы'!F$2)/('минимумы и максимумы'!F$3-'минимумы и максимумы'!F$2)*100) -> 20 | I6: =IF('исходные данные'!I6>'минимумы и максимумы'!G$3,100,('исходные данные'!I6-'минимумы и максимумы'!G$2)/('минимумы и максимумы'!G$3-'минимумы и максимумы'!G$2)*100) -> 100 | J6: =IF('исходные данные'!J6>'минимумы и максимумы'!H$3,100,('исходные данные'!J6-'минимумы и максимумы'!H$2)/('минимумы и максимумы'!H$3-'минимумы и максимумы'!H$2)*100) -> 60 | K6: =IF('исходные данные'!K6>'минимумы и максимумы'!I$3,100,('исходные данные'!K6-'минимумы и максимумы'!I$2)/('минимумы и максимумы'!I$3-'минимумы и максимумы'!I$2)*100) -> 5.5555556 | ... U6: =IF('исходные данные'!U6>'минимумы и максимумы'!S$3,100,('исходные данные'!U6-'минимумы и максимумы'!S$2)/('минимумы и максимумы'!S$3-'минимумы и максимумы'!S$2)*100) -> 100
A7: 7 | B7: 0 | C7: 0 | D7: =IF('исходные данные'!D7>'минимумы и максимумы'!B$3,100,('исходные данные'!D7-'минимумы и максимумы'!B$2)/('минимумы и максимумы'!B$3-'минимумы и максимумы'!B$2)*100) -> 80 | E7: =IF('исходные данные'!E7>'минимумы и максимумы'!C$3,100,('исходные данные'!E7-'минимумы и максимумы'!C$2)/('минимумы и максимумы'!C$3-'минимумы и максимумы'!C$2)*100) -> 60 | F7: =IF('исходные данные'!F7>'минимумы и максимумы'!D$3,100,('исходные данные'!F7-'минимумы и максимумы'!D$2)/('минимумы и максимумы'!D$3-'минимумы и максимумы'!D$2)*100) -> 0 | G7: =IF('исходные данные'!G7>'минимумы и максимумы'!E$3,100,('исходные данные'!G7-'минимумы и максимумы'!E$2)/('минимумы и максимумы'!E$3-'минимумы и максимумы'!E$2)*100) -> 29.166667 | H7: =IF('исходные данные'!H7>'минимумы и максимумы'!F$3,100,('исходные данные'!H7-'минимумы и максимумы'!F$2)/('минимумы и максимумы'!F$3-'минимумы и максимумы'!F$2)*100) -> 36 | I7: =IF('исходные данные'!I7>'минимумы и максимумы'!G$3,100,('исходные данные'!I7-'минимумы и максимумы'!G$2)/('минимумы и максимумы'!G$3-'минимумы и максимумы'!G$2)*100) -> 100 | J7: =IF('исходные данные'!J7>'минимумы и максимумы'!H$3,100,('исходные данные'!J7-'минимумы и максимумы'!H$2)/('минимумы и максимумы'!H$3-'минимумы и максимумы'!H$2)*100) -> 86.666667 | K7: =IF('исходные данные'!K7>'минимумы и максимумы'!I$3,100,('исходные данные'!K7-'минимумы и максимумы'!I$2)/('минимумы и максимумы'!I$3-'минимумы и максимумы'!I$2)*100) -> 22.222222 | ... U7: =IF('исходные данные'!U7>'минимумы и максимумы'!S$3,100,('исходные данные'!U7-'минимумы и максимумы'!S$2)/('минимумы и максимумы'!S$3-'минимумы и максимумы'!S$2)*100) -> 100
A8: 17 | B8: 0 | C8: 0 | D8: =IF('исходные данные'!D8>'минимумы и максимумы'!B$3,100,('исходные данные'!D8-'минимумы и максимумы'!B$2)/('минимумы и максимумы'!B$3-'минимумы и максимумы'!B$2)*100) -> 0 | E8: =IF('исходные данные'!E8>'минимумы и максимумы'!C$3,100,('исходные данные'!E8-'минимумы и максимумы'!C$2)/('минимумы и максимумы'!C$3-'минимумы и максимумы'!C$2)*100) -> 0 | F8: =IF('исходные данные'!F8>'минимумы и максимумы'!D$3,100,('исходные данные'!F8-'минимумы и максимумы'!D$2)/('минимумы и максимумы'!D$3-'минимумы и максимумы'!D$2)*100) -> 0 | G8: =IF('исходные данные'!G8>'минимумы и максимумы'!E$3,100,('исходные данные'!G8-'минимумы и максимумы'!E$2)/('минимумы и максимумы'!E$3-'минимумы и максимумы'!E$2)*100) -> 12.5 | H8: =IF('исходные данные'!H8>'минимумы и максимумы'!F$3,100,('исходные данные'!H8-'минимумы и максимумы'!F$2)/('минимумы и максимумы'!F$3-'минимумы и максимумы'!F$2)*100) -> 8 | I8: =IF('исходные данные'!I8>'минимумы и максимумы'!G$3,100,('исходные данные'!I8-'минимумы и максимумы'!G$2)/('минимумы и максимумы'!G$3-'минимумы и максимумы'!G$2)*100) -> 67.924528 | J8: =IF('исходные данные'!J8>'минимумы и максимумы'!H$3,100,('исходные данные'!J8-'минимумы и максимумы'!H$2)/('минимумы и максимумы'!H$3-'минимумы и максимумы'!H$2)*100) -> 6.6666667 | K8: =IF('исходные данные'!K8>'минимумы и максимумы'!I$3,100,('исходные данные'!K8-'минимумы и максимумы'!I$2)/('минимумы и максимумы'!I$3-'минимумы и максимумы'!I$2)*100) -> 0 | ... U8: =IF('исходные данные'!U8>'минимумы и максимумы'!S$3,100,('исходные данные'!U8-'минимумы и максимумы'!S$2)/('минимумы и максимумы'!S$3-'минимумы и максимумы'!S$2)*100) -> 0
A9: 20 | B9: 0 | C9: 0 | D9: =IF('исходные данные'!D9>'минимумы и максимумы'!B$3,100,('исходные данные'!D9-'минимумы и максимумы'!B$2)/('минимумы и максимумы'!B$3-'минимумы и максимумы'!B$2)*100) -> 20 | E9: =IF('исходные данные'!E9>'минимумы и максимумы'!C$3,100,('исходные данные'!E9-'минимумы и максимумы'!C$2)/('минимумы и максимумы'!C$3-'минимумы и максимумы'!C$2)*100) -> 10 | F9: =IF('исходные данные'!F9>'минимумы и максимумы'!D$3,100,('исходные данные'!F9-'минимумы и максимумы'!D$2)/('минимумы и максимумы'!D$3-'минимумы и максимумы'!D$2)*100) -> 33.333333 | G9: =IF('исходные данные'!G9>'минимумы и максимумы'!E$3,100,('исходные данные'!G9-'минимумы и максимумы'!E$2)/('минимумы и максимумы'!E$3-'минимумы и максимумы'!E$2)*100) -> 37.5 | H9: =IF('исходные данные'!H9>'минимумы и максимумы'!F$3,100,('исходные данные'!H9-'минимумы и максимумы'!F$2)/('минимумы и максимумы'!F$3-'минимумы и максимумы'!F$2)*100) -> 32 | I9: =IF('исходные данные'!I9>'минимумы и максимумы'!G$3,100,('исходные данные'!I9-'минимумы и максимумы'!G$2)/('минимумы и максимумы'!G$3-'минимумы и максимумы'!G$2)*100) -> 35.849057 | J9: =IF('исходные данные'!J9>'минимумы и максимумы'!H$3,100,('исходные данные'!J9-'минимумы и максимумы'!H$2)/('минимумы и максимумы'!H$3-'минимумы и максимумы'!H$2)*100) -> 60 | K9: =IF('исходные данные'!K9>'минимумы и максимумы'!I$3,100,('исходные данные'!K9-'минимумы и максимумы'!I$2)/('минимумы и максимумы'!I$3-'минимумы и максимумы'!I$2)*100) -> 72.222222 | ... U9: =IF('исходные данные'!U9>'минимумы и максимумы'!S$3,100,('исходные данные'!U9-'минимумы и максимумы'!S$2)/('минимумы и максимумы'!S$3-'минимумы и максимумы'!S$2)*100) -> 66.666667
A10: 21 | B10: 0 | C10: 1 | D10: =IF('исходные данные'!D10>'минимумы и максимумы'!B$3,100,('исходные данные'!D10-'минимумы и максимумы'!B$2)/('минимумы и максимумы'!B$3-'минимумы и максимумы'!B$2)*100) -> 20 | E10: =IF('исходные данные'!E10>'минимумы и максимумы'!C$3,100,('исходные данные'!E10-'минимумы и максимумы'!C$2)/('минимумы и максимумы'!C$3-'минимумы и максимумы'!C$2)*100) -> 30 | F10: =IF('исходные данные'!F10>'минимумы и максимумы'!D$3,100,('исходные данные'!F10-'минимумы и максимумы'!D$2)/('минимумы и максимумы'!D$3-'минимумы и максимумы'!D$2)*100) -> 0 | G10: =IF('исходные данные'!G10>'минимумы и максимумы'!E$3,100,('исходные данные'!G10-'минимумы и максимумы'!E$2)/('минимумы и максимумы'!E$3-'минимумы и максимумы'!E$2)*100) -> 37.5 | H10: =IF('исходные данные'!H10>'минимумы и максимумы'!F$3,100,('исходные данные'!H10-'минимумы и максимумы'!F$2)/('минимумы и максимумы'!F$3-'минимумы и максимумы'!F$2)*100) -> 44 | I10: =IF('исходные данные'!I10>'минимумы и максимумы'!G$3,100,('исходные данные'!I10-'минимумы и максимумы'!G$2)/('минимумы и максимумы'!G$3-'минимумы и максимумы'!G$2)*100) -> 60.377358 | J10: =IF('исходные данные'!J10>'минимумы и максимумы'!H$3,100,('исходные данные'!J10-'минимумы и максимумы'!H$2)/('минимумы и максимумы'!H$3-'минимумы и максимумы'!H$2)*100) -> 46.666667 | K10: =IF('исходные данные'!K10>'минимумы и максимумы'!I$3,100,('исходные данные'!K10-'минимумы и максимумы'!I$2)/('минимумы и максимумы'!I$3-'минимумы и максимумы'!I$2)*100) -> 0 | ... U10: =IF('исходные данные'!U10>'минимумы и максимумы'!S$3,100,('исходные данные'!U10-'минимумы и максимумы'!S$2)/('минимумы и максимумы'!S$3-'минимумы и максимумы'!S$2)*100) -> 100
A11: 22 | B11: 0 | C11: 0 | D11: =IF('исходные данные'!D11>'минимумы и максимумы'!B$3,100,('исходные данные'!D11-'минимумы и максимумы'!B$2)/('минимумы и максимумы'!B$3-'минимумы и максимумы'!B$2)*100) -> 80 | E11: =IF('исходные данные'!E11>'минимумы и максимумы'!C$3,100,('исходные данные'!E11-'минимумы и максимумы'!C$2)/('минимумы и максимумы'!C$3-'минимумы и максимумы'!C$2)*100) -> 60 | F11: =IF('исходные данные'!F11>'минимумы и максимумы'!D$3,100,('исходные данные'!F11-'минимумы и максимумы'!D$2)/('минимумы и максимумы'!D$3-'минимумы и максимумы'!D$2)*100) -> 0 | G11: =IF('исходные данные'!G11>'минимумы и максимумы'!E$3,100,('исходные данные'!G11-'минимумы и максимумы'!E$2)/('минимумы и максимумы'!E$3-'минимумы и максимумы'!E$2)*100) -> 20.833333 | H11: =IF('исходные данные'!H11>'минимумы и максимумы'!F$3,100,('исходные данные'!H11-'минимумы и максимумы'!F$2)/('минимумы и максимумы'!F$3-'минимумы и максимумы'!F$2)*100) -> 20 | I11: =IF('исходные данные'!I11>'минимумы и максимумы'!G$3,100,('исходные данные'!I11-'минимумы и максимумы'!G$2)/('минимумы и максимумы'!G$3-'минимумы и максимумы'!G$2)*100) -> 30.188679 | J11: =IF('исходные данные'!J11>'минимумы и максимумы'!H$3,100,('исходные данные'!J11-'минимумы и максимумы'!H$2)/('минимумы и максимумы'!H$3-'минимумы и максимумы'!H$2)*100) -> 20 | K11: =IF('исходные данные'!K11>'минимумы и максимумы'!I$3,100,('исходные данные'!K11-'минимумы и максимумы'!I$2)/('минимумы и максимумы'!I$3-'минимумы и максимумы'!I$2)*100) -> 44.444444 | ... U11: =IF('исходные данные'!U11>'минимумы и максимумы'!S$3,100,('исходные данные'!U11-'минимумы и максимумы'!S$2)/('минимумы и максимумы'!S$3-'минимумы и максимумы'!S$2)*100) -> 0
A12: 27 | B12: 1 | C12: 0 | D12: =IF('исходные данные'!D12>'минимумы и максимумы'!B$3,100,('исходные данные'!D12-'минимумы и максимумы'!B$2)/('минимумы и максимумы'!B$3-'минимумы и максимумы'!B$2)*100) -> 80 | E12: =IF('исходные данные'!E12>'минимумы и максимумы'!C$3,100,('исходные данные'!E12-'минимумы и максимумы'!C$2)/('минимумы и максимумы'!C$3-'минимумы и максимумы'!C$2)*100) -> 60 | F12: =IF('исходные данные'!F12>'минимумы и максимумы'!D$3,100,('исходные данные'!F12-'минимумы и максимумы'!D$2)/('минимумы и максимумы'!D$3-'минимумы и максимумы'!D$2)*100) -> 33.333333 | G12: =IF('исходные данные'!G12>'минимумы и максимумы'!E$3,100,('исходные данные'!G12-'минимумы и максимумы'!E$2)/('минимумы и максимумы'!E$3-'минимумы и максимумы'!E$2)*100) -> 83.333333 | H12: =IF('исходные данные'!H12>'минимумы и максимумы'!F$3,100,('исходные данные'!H12-'минимумы и максимумы'!F$2)/('минимумы и максимумы'!F$3-'минимумы и максимумы'!F$2)*100) -> 80 | I12: =IF('исходные данные'!I12>'минимумы и максимумы'!G$3,100,('исходные данные'!I12-'минимумы и максимумы'!G$2)/('минимумы и максимумы'!G$3-'минимумы и максимумы'!G$2)*100) -> 84.90566 | J12: =IF('исходные данные'!J12>'минимумы и максимумы'!H$3,100,('исходные данные'!J12-'минимумы и максимумы'!H$2)/('минимумы и максимумы'!H$3-'минимумы и максимумы'!H$2)*100) -> 86.666667 | K12: =IF('исходные данные'!K12>'минимумы и максимумы'!I$3,100,('исходные данные'!K12-'минимумы и максимумы'!I$2)/('минимумы и максимумы'!I$3-'минимумы и максимумы'!I$2)*100) -> 27.777778 | ... U12: =IF('исходные данные'!U12>'минимумы и максимумы'!S$3,100,('исходные данные'!U12-'минимумы и максимумы'!S$2)/('минимумы и максимумы'!S$3-'минимумы и максимумы'!S$2)*100) -> 33.333333
A13: 29 | B13: 0 | C13: 0 | D13: =IF('исходные данные'!D13>'минимумы и максимумы'!B$3,100,('исходные данные'!D13-'минимумы и максимумы'!B$2)/('минимумы и максимумы'!B$3-'минимумы и максимумы'!B$2)*100) -> 100 | E13: =IF('исходные данные'!E13>'минимумы и максимумы'!C$3,100,('исходные данные'!E13-'минимумы и максимумы'!C$2)/('минимумы и максимумы'!C$3-'минимумы и максимумы'!C$2)*100) -> 50 | F13: =IF('исходные данные'!F13>'минимумы и максимумы'!D$3,100,('исходные данные'!F13-'минимумы и максимумы'!D$2)/('минимумы и максимумы'!D$3-'минимумы и максимумы'!D$2)*100) -> 66.666667 | G13: =IF('исходные данные'!G13>'минимумы и максимумы'!E$3,100,('исходные данные'!G13-'минимумы и максимумы'!E$2)/('минимумы и максимумы'!E$3-'минимумы и максимумы'!E$2)*100) -> 58.333333 | H13: =IF('исходные данные'!H13>'минимумы и максимумы'!F$3,100,('исходные данные'!H13-'минимумы и максимумы'!F$2)/('минимумы и максимумы'!F$3-'минимумы и максимумы'!F$2)*100) -> 64 | I13: =IF('исходные данные'!I13>'минимумы и максимумы'!G$3,100,('исходные данные'!I13-'минимумы и максимумы'!G$2)/('минимумы и максимумы'!G$3-'минимумы и максимумы'!G$2)*100) -> 94.339623 | J13: =IF('исходные данные'!J13>'минимумы и максимумы'!H$3,100,('исходные данные'!J13-'минимумы и максимумы'!H$2)/('минимумы и максимумы'!H$3-'минимумы и максимумы'!H$2)*100) -> 100 | K13: =IF('исходные данные'!K13>'минимумы и максимумы'!I$3,100,('исходные данные'!K13-'минимумы и максимумы'!I$2)/('минимумы и максимумы'!I$3-'минимумы и максимумы'!I$2)*100) -> 72.222222 | ... U13: =IF('исходные данные'!U13>'минимумы и максимумы'!S$3,100,('исходные данные'!U13-'минимумы и максимумы'!S$2)/('минимумы и максимумы'!S$3-'минимумы и максимумы'!S$2)*100) -> 66.666667
... A432: 553 | B432: 0 | C432: 0 | D432: =IF('исходные данные'!D432>'минимумы и максимумы'!B$3,100,('исходные данные'!D432-'минимумы и максимумы'!B$2)/('минимумы и максимумы'!B$3-'минимумы и максимумы'!B$2)*100) -> 0 | E432: =IF('исходные данные'!E432>'минимумы и максимумы'!C$3,100,('исходные данные'!E432-'минимумы и максимумы'!C$2)/('минимумы и максимумы'!C$3-'минимумы и максимумы'!C$2)*100) -> 0 | F432: =IF('исходные данные'!F432>'минимумы и максимумы'!D$3,100,('исходные данные'!F432-'минимумы и максимумы'!D$2)/('минимумы и максимумы'!D$3-'минимумы и максимумы'!D$2)*100) -> 0 | G432: =IF('исходные данные'!G432>'минимумы и максимумы'!E$3,100,('исходные данные'!G432-'минимумы и максимумы'!E$2)/('минимумы и максимумы'!E$3-'минимумы и максимумы'!E$2)*100) -> 0 | H432: =IF('исходные данные'!H432>'минимумы и максимумы'!F$3,100,('исходные данные'!H432-'минимумы и максимумы'!F$2)/('минимумы и максимумы'!F$3-'минимумы и максимумы'!F$2)*100) -> 0 | I432: =IF('исходные данные'!I432>'минимумы и максимумы'!G$3,100,('исходные данные'!I432-'минимумы и максимумы'!G$2)/('минимумы и максимумы'!G$3-'минимумы и максимумы'!G$2)*100) -> 3.7735849 | J432: =IF('исходные данные'!J432>'минимумы и максимумы'!H$3,100,('исходные данные'!J432-'минимумы и максимумы'!H$2)/('минимумы и максимумы'!H$3-'минимумы и максимумы'!H$2)*100) -> 0 | K432: =IF('исходные данные'!K432>'минимумы и максимумы'!I$3,100,('исходные данные'!K432-'минимумы и максимумы'!I$2)/('минимумы и максимумы'!I$3-'минимумы и максимумы'!I$2)*100) -> 0 | ... U432: =IF('исходные данные'!U432>'минимумы и максимумы'!S$3,100,('исходные данные'!U432-'минимумы и максимумы'!S$2)/('минимумы и максимумы'!S$3-'минимумы и максимумы'!S$2)*100) -> 66.666667

Sheet нормал с макс с К 3
A1: id | B1: vosstanovleno | C1: sneseno | D1: school | E1: kindergarten | F1: polyclinic | G1: supermarket | H1: PVZ | I1: obshepit | J1: hotel | K1: BC | L1: bank | M1: stop | N1: to_centre | O1: condition | P1: value | Q1: b_n | R1: zone | S1: floors | T1: s_base | U1: complexity
A2: 1 | B2: 0 | C2: 0 | D2: =IF('исходные данные'!D2>'минимумы и максимумы'!B$4,100,('исходные данные'!D2-'минимумы и максимумы'!B$2)/('минимумы и максимумы'!B$4-'минимумы и максимумы'!B$2)*100) -> 50 | E2: =IF('исходные данные'!E2>'минимумы и максимумы'!C$4,100,('исходные данные'!E2-'минимумы и максимумы'!C$2)/('минимумы и максимумы'!C$4-'минимумы и максимумы'!C$2)*100) -> 50 | F2: =IF('исходные данные'!F2>'минимумы и максимумы'!D$4,100,('исходные данные'!F2-'минимумы и максимумы'!D$2)/('минимумы и максимумы'!D$4-'минимумы и максимумы'!D$2)*100) -> 25 | G2: =IF('исходные данные'!G2>'минимумы и максимумы'!E$4,100,('исходные данные'!G2-'минимумы и максимумы'!E$2)/('минимумы и максимумы'!E$4-'минимумы и максимумы'!E$2)*100) -> 43.243243 | H2: =IF('исходные данные'!H2>'минимумы и максимумы'!F$4,100,('исходные данные'!H2-'минимумы и максимумы'!F$2)/('минимумы и максимумы'!F$4-'минимумы и максимумы'!F$2)*100) -> 52.631579 | I2: =IF('исходные данные'!I2>'минимумы и максимумы'!G$4,100,('исходные данные'!I2-'минимумы и максимумы'!G$2)/('минимумы и максимумы'!G$4-'минимумы и максимумы'!G$2)*100) -> 75.903614 | J2: =IF('исходные данные'!J2>'минимумы и максимумы'!H$4,100,('исходные данные'!J2-'минимумы и максимумы'!H$2)/('минимумы и максимумы'!H$4-'минимумы и максимумы'!H$2)*100) -> 91.666667 | K2: =IF('исходные данные'!K2>'минимумы и максимумы'!I$4,100,('исходные данные'!K2-'минимумы и максимумы'!I$2)/('минимумы и максимумы'!I$4-'минимумы и максимумы'!I$2)*100) -> 21.428571 | ... U2: =IF('исходные данные'!U2>'минимумы и максимумы'!S$4,100,('исходные данные'!U2-'минимумы и максимумы'!S$2)/('минимумы и максимумы'!S$4-'минимумы и максимумы'!S$2)*100) -> 100
A3: 2 | B3: 0 | C3: 0 | D3: =IF('исходные данные'!D3>'минимумы и максимумы'!B$4,100,('исходные данные'!D3-'минимумы и максимумы'!B$2)/('минимумы и максимумы'!B$4-'минимумы и максимумы'!B$2)*100) -> 0 | E3: =IF('исходные данные'!E3>'минимумы и максимумы'!C$4,100,('исходные данные'!E3-'минимумы и максимумы'!C$2)/('минимумы и максимумы'!C$4-'минимумы и максимумы'!C$2)*100) -> 0 | F3: =IF('исходные данные'!F3>'минимумы и максимумы'!D$4,100,('исходные данные'!F3-'минимумы и максимумы'!D$2)/('минимумы и максимумы'!D$4-'минимумы и максимумы'!D$2)*100) -> 0 | G3: =IF('исходные данные'!G3>'минимумы и максимумы'!E$4,100,('исходные данные'!G3-'минимумы и максимумы'!E$2)/('минимумы и максимумы'!E$4-'минимумы и максимумы'!E$2)*100) -> 0 | H3: =IF('исходные данные'!H3>'минимумы и максимумы'!F$4,100,('исходные данные'!H3-'минимумы и максимумы'!F$2)/('минимумы и максимумы'!F$4-'минимумы и максимумы'!F$2)*100) -> 0 | I3: =IF('исходные данные'!I3>'минимумы и максимумы'!G$4,100,('исходные данные'!I3-'минимумы и максимумы'!G$2)/('минимумы и максимумы'!G$4-'минимумы и максимумы'!G$2)*100) -> 1.2048193 | J3: =IF('исходные данные'!J3>'минимумы и максимумы'!H$4,100,('исходные данные'!J3-'минимумы и максимумы'!H$2)/('минимумы и максимумы'!H$4-'минимумы и максимумы'!H$2)*100) -> 0 | K3: =IF('исходные данные'!K3>'минимумы и максимумы'!I$4,100,('исходные данные'!K3-'минимумы и максимумы'!I$2)/('минимумы и максимумы'!I$4-'минимумы и максимумы'!I$2)*100) -> 3.5714286 | ... U3: =IF('исходные данные'!U3>'минимумы и максимумы'!S$4,100,('исходные данные'!U3-'минимумы и максимумы'!S$2)/('минимумы и максимумы'!S$4-'минимумы и максимумы'!S$2)*100) -> 33.333333
A4: 3 | B4: 0 | C4: 0 | D4: =IF('исходные данные'!D4>'минимумы и максимумы'!B$4,100,('исходные данные'!D4-'минимумы и максимумы'!B$2)/('минимумы и максимумы'!B$4-'минимумы и максимумы'!B$2)*100) -> 50 | E4: =IF('исходные данные'!E4>'минимумы и максимумы'!C$4,100,('исходные данные'!E4-'минимумы и максимумы'!C$2)/('минимумы и максимумы'!C$4-'минимумы и максимумы'!C$2)*100) -> 25 | F4: =IF('исходные данные'!F4>'минимумы и максимумы'!D$4,100,('исходные данные'!F4-'минимумы и максимумы'!D$2)/('минимумы и максимумы'!D$4-'минимумы и максимумы'!D$2)*100) -> 0 | G4: =IF('исходные данные'!G4>'минимумы и максимумы'!E$4,100,('исходные данные'!G4-'минимумы и максимумы'!E$2)/('минимумы и максимумы'!E$4-'минимумы и максимумы'!E$2)*100) -> 24.324324 | H4: =IF('исходные данные'!H4>'минимумы и максимумы'!F$4,100,('исходные данные'!H4-'минимумы и максимумы'!F$2)/('минимумы и максимумы'!F$4-'минимумы и максимумы'!F$2)*100) -> 23.684211 | I4: =IF('исходные данные'!I4>'минимумы и максимумы'!G$4,100,('исходные данные'!I4-'минимумы и максимумы'!G$2)/('минимумы и максимумы'!G$4-'минимумы и максимумы'!G$2)*100) -> 63.855422 | J4: =IF('исходные данные'!J4>'минимумы и максимумы'!H$4,100,('исходные данные'!J4-'минимумы и максимумы'!H$2)/('минимумы и максимумы'!H$4-'минимумы и максимумы'!H$2)*100) -> 50 | K4: =IF('исходные данные'!K4>'минимумы и максимумы'!I$4,100,('исходные данные'!K4-'минимумы и максимумы'!I$2)/('минимумы и максимумы'!I$4-'минимумы и максимумы'!I$2)*100) -> 17.857143 | ... U4: =IF('исходные данные'!U4>'минимумы и максимумы'!S$4,100,('исходные данные'!U4-'минимумы и максимумы'!S$2)/('минимумы и максимумы'!S$4-'минимумы и максимумы'!S$2)*100) -> 33.333333
A5: 5 | B5: 0 | C5: 0 | D5: =IF('исходные данные'!D5>'минимумы и максимумы'!B$4,100,('исходные данные'!D5-'минимумы и максимумы'!B$2)/('минимумы и максимумы'!B$4-'минимумы и максимумы'!B$2)*100) -> 25 | E5: =IF('исходные данные'!E5>'минимумы и максимумы'!C$4,100,('исходные данные'!E5-'минимумы и максимумы'!C$2)/('минимумы и максимумы'!C$4-'минимумы и максимумы'!C$2)*100) -> 43.75 | F5: =IF('исходные данные'!F5>'минимумы и максимумы'!D$4,100,('исходные данные'!F5-'минимумы и максимумы'!D$2)/('минимумы и максимумы'!D$4-'минимумы и максимумы'!D$2)*100) -> 0 | G5: =IF('исходные данные'!G5>'минимумы и максимумы'!E$4,100,('исходные данные'!G5-'минимумы и максимумы'!E$2)/('минимумы и максимумы'!E$4-'минимумы и максимумы'!E$2)*100) -> 16.216216 | H5: =IF('исходные данные'!H5>'минимумы и максимумы'!F$4,100,('исходные данные'!H5-'минимумы и максимумы'!F$2)/('минимумы и максимумы'!F$4-'минимумы и максимумы'!F$2)*100) -> 13.157895 | I5: =IF('исходные данные'!I5>'минимумы и максимумы'!G$4,100,('исходные данные'!I5-'минимумы и максимумы'!G$2)/('минимумы и максимумы'!G$4-'минимумы и максимумы'!G$2)*100) -> 66.26506 | J5: =IF('исходные данные'!J5>'минимумы и максимумы'!H$4,100,('исходные данные'!J5-'минимумы и максимумы'!H$2)/('минимумы и максимумы'!H$4-'минимумы и максимумы'!H$2)*100) -> 29.166667 | K5: =IF('исходные данные'!K5>'минимумы и максимумы'!I$4,100,('исходные данные'!K5-'минимумы и максимумы'!I$2)/('минимумы и максимумы'!I$4-'минимумы и максимумы'!I$2)*100) -> 3.5714286 | ... U5: =IF('исходные данные'!U5>'минимумы и максимумы'!S$4,100,('исходные данные'!U5-'минимумы и максимумы'!S$2)/('минимумы и максимумы'!S$4-'минимумы и максимумы'!S$2)*100) -> 66.666667
A6: 6 | B6: 0 | C6: 0 | D6: =IF('исходные данные'!D6>'минимумы и максимумы'!B$4,100,('исходные данные'!D6-'минимумы и максимумы'!B$2)/('минимумы и максимумы'!B$4-'минимумы и максимумы'!B$2)*100) -> 50 | E6: =IF('исходные данные'!E6>'минимумы и максимумы'!C$4,100,('исходные данные'!E6-'минимумы и максимумы'!C$2)/('минимумы и максимумы'!C$4-'минимумы и максимумы'!C$2)*100) -> 37.5 | F6: =IF('исходные данные'!F6>'минимумы и максимумы'!D$4,100,('исходные данные'!F6-'минимумы и максимумы'!D$2)/('минимумы и максимумы'!D$4-'минимумы и максимумы'!D$2)*100) -> 0 | G6: =IF('исходные данные'!G6>'минимумы и максимумы'!E$4,100,('исходные данные'!G6-'минимумы и максимумы'!E$2)/('минимумы и максимумы'!E$4-'минимумы и максимумы'!E$2)*100) -> 13.513514 | H6: =IF('исходные данные'!H6>'минимумы и максимумы'!F$4,100,('исходные данные'!H6-'минимумы и максимумы'!F$2)/('минимумы и максимумы'!F$4-'минимумы и максимумы'!F$2)*100) -> 13.157895 | I6: =IF('исходные данные'!I6>'минимумы и максимумы'!G$4,100,('исходные данные'!I6-'минимумы и максимумы'!G$2)/('минимумы и максимумы'!G$4-'минимумы и максимумы'!G$2)*100) -> 65.060241 | J6: =IF('исходные данные'!J6>'минимумы и максимумы'!H$4,100,('исходные данные'!J6-'минимумы и максимумы'!H$2)/('минимумы и максимумы'!H$4-'минимумы и максимумы'!H$2)*100) -> 37.5 | K6: =IF('исходные данные'!K6>'минимумы и максимумы'!I$4,100,('исходные данные'!K6-'минимумы и максимумы'!I$2)/('минимумы и максимумы'!I$4-'минимумы и максимумы'!I$2)*100) -> 3.5714286 | ... U6: =IF('исходные данные'!U6>'минимумы и максимумы'!S$4,100,('исходные данные'!U6-'минимумы и максимумы'!S$2)/('минимумы и максимумы'!S$4-'минимумы и максимумы'!S$2)*100) -> 100
A7: 7 | B7: 0 | C7: 0 | D7: =IF('исходные данные'!D7>'минимумы и максимумы'!B$4,100,('исходные данные'!D7-'минимумы и максимумы'!B$2)/('минимумы и максимумы'!B$4-'минимумы и максимумы'!B$2)*100) -> 50 | E7: =IF('исходные данные'!E7>'минимумы и максимумы'!C$4,100,('исходные данные'!E7-'минимумы и максимумы'!C$2)/('минимумы и максимумы'!C$4-'минимумы и максимумы'!C$2)*100) -> 37.5 | F7: =IF('исходные данные'!F7>'минимумы и максимумы'!D$4,100,('исходные данные'!F7-'минимумы и максимумы'!D$2)/('минимумы и максимумы'!D$4-'минимумы и максимумы'!D$2)*100) -> 0 | G7: =IF('исходные данные'!G7>'минимумы и максимумы'!E$4,100,('исходные данные'!G7-'минимумы и максимумы'!E$2)/('минимумы и максимумы'!E$4-'минимумы и максимумы'!E$2)*100) -> 18.918919 | H7: =IF('исходные данные'!H7>'минимумы и максимумы'!F$4,100,('исходные данные'!H7-'минимумы и максимумы'!F$2)/('минимумы и максимумы'!F$4-'минимумы и максимумы'!F$2)*100) -> 23.684211 | I7: =IF('исходные данные'!I7>'минимумы и максимумы'!G$4,100,('исходные данные'!I7-'минимумы и максимумы'!G$2)/('минимумы и максимумы'!G$4-'минимумы и максимумы'!G$2)*100) -> 77.108434 | J7: =IF('исходные данные'!J7>'минимумы и максимумы'!H$4,100,('исходные данные'!J7-'минимумы и максимумы'!H$2)/('минимумы и максимумы'!H$4-'минимумы и максимумы'!H$2)*100) -> 54.166667 | K7: =IF('исходные данные'!K7>'минимумы и максимумы'!I$4,100,('исходные данные'!K7-'минимумы и максимумы'!I$2)/('минимумы и максимумы'!I$4-'минимумы и максимумы'!I$2)*100) -> 14.285714 | ... U7: =IF('исходные данные'!U7>'минимумы и максимумы'!S$4,100,('исходные данные'!U7-'минимумы и максимумы'!S$2)/('минимумы и максимумы'!S$4-'минимумы и максимумы'!S$2)*100) -> 100
A8: 17 | B8: 0 | C8: 0 | D8: =IF('исходные данные'!D8>'минимумы и максимумы'!B$4,100,('исходные данные'!D8-'минимумы и максимумы'!B$2)/('минимумы и максимумы'!B$4-'минимумы и максимумы'!B$2)*100) -> 0 | E8: =IF('исходные данные'!E8>'минимумы и максимумы'!C$4,100,('исходные данные'!E8-'минимумы и максимумы'!C$2)/('минимумы и максимумы'!C$4-'минимумы и максимумы'!C$2)*100) -> 0 | F8: =IF('исходные данные'!F8>'минимумы и максимумы'!D$4,100,('исходные данные'!F8-'минимумы и максимумы'!D$2)/('минимумы и максимумы'!D$4-'минимумы и максимумы'!D$2)*100) -> 0 | G8: =IF('исходные данные'!G8>'минимумы и максимумы'!E$4,100,('исходные данные'!G8-'минимумы и максимумы'!E$2)/('минимумы и максимумы'!E$4-'минимумы и максимумы'!E$2)*100) -> 8.1081081 | H8: =IF('исходные данные'!H8>'минимумы и максимумы'!F$4,100,('исходные данные'!H8-'минимумы и максимумы'!F$2)/('минимумы и максимумы'!F$4-'минимумы и максимумы'!F$2)*100) -> 5.2631579 | I8: =IF('исходные данные'!I8>'минимумы и максимумы'!G$4,100,('исходные данные'!I8-'минимумы и максимумы'!G$2)/('минимумы и максимумы'!G$4-'минимумы и максимумы'!G$2)*100) -> 43.373494 | J8: =IF('исходные данные'!J8>'минимумы и максимумы'!H$4,100,('исходные данные'!J8-'минимумы и максимумы'!H$2)/('минимумы и максимумы'!H$4-'минимумы и максимумы'!H$2)*100) -> 4.1666667 | K8: =IF('исходные данные'!K8>'минимумы и максимумы'!I$4,100,('исходные данные'!K8-'минимумы и максимумы'!I$2)/('минимумы и максимумы'!I$4-'минимумы и максимумы'!I$2)*100) -> 0 | ... U8: =IF('исходные данные'!U8>'минимумы и максимумы'!S$4,100,('исходные данные'!U8-'минимумы и максимумы'!S$2)/('минимумы и максимумы'!S$4-'минимумы и максимумы'!S$2)*100) -> 0
A9: 20 | B9: 0 | C9: 0 | D9: =IF('исходные данные'!D9>'минимумы и максимумы'!B$4,100,('исходные данные'!D9-'минимумы и максимумы'!B$2)/('минимумы и максимумы'!B$4-'минимумы и максимумы'!B$2)*100) -> 12.5 | E9: =IF('исходные данные'!E9>'минимумы и максимумы'!C$4,100,('исходные данные'!E9-'минимумы и максимумы'!C$2)/('минимумы и максимумы'!C$4-'минимумы и максимумы'!C$2)*100) -> 6.25 | F9: =IF('исходные данные'!F9>'минимумы и максимумы'!D$4,100,('исходные данные'!F9-'минимумы и максимумы'!D$2)/('минимумы и максимумы'!D$4-'минимумы и максимумы'!D$2)*100) -> 25 | G9: =IF('исходные данные'!G9>'минимумы и максимумы'!E$4,100,('исходные данные'!G9-'минимумы и максимумы'!E$2)/('минимумы и максимумы'!E$4-'минимумы и максимумы'!E$2)*100) -> 24.324324 | H9: =IF('исходные данные'!H9>'минимумы и максимумы'!F$4,100,('исходные данные'!H9-'минимумы и максимумы'!F$2)/('минимумы и максимумы'!F$4-'минимумы и максимумы'!F$2)*100) -> 21.052632 | I9: =IF('исходные данные'!I9>'минимумы и максимумы'!G$4,100,('исходные данные'!I9-'минимумы и максимумы'!G$2)/('минимумы и максимумы'!G$4-'минимумы и максимумы'!G$2)*100) -> 22.891566 | J9: =IF('исходные данные'!J9>'минимумы и максимумы'!H$4,100,('исходные данные'!J9-'минимумы и максимумы'!H$2)/('минимумы и максимумы'!H$4-'минимумы и максимумы'!H$2)*100) -> 37.5 | K9: =IF('исходные данные'!K9>'минимумы и максимумы'!I$4,100,('исходные данные'!K9-'минимумы и максимумы'!I$2)/('минимумы и максимумы'!I$4-'минимумы и максимумы'!I$2)*100) -> 46.428571 | ... U9: =IF('исходные данные'!U9>'минимумы и максимумы'!S$4,100,('исходные данные'!U9-'минимумы и максимумы'!S$2)/('минимумы и максимумы'!S$4-'минимумы и максимумы'!S$2)*100) -> 66.666667
A10: 21 | B10: 0 | C10: 1 | D10: =IF('исходные данные'!D10>'минимумы и максимумы'!B$4,100,('исходные данные'!D10-'минимумы и максимумы'!B$2)/('минимумы и максимумы'!B$4-'минимумы и максимумы'!B$2)*100) -> 12.5 | E10: =IF('исходные данные'!E10>'минимумы и максимумы'!C$4,100,('исходные данные'!E10-'минимумы и максимумы'!C$2)/('минимумы и максимумы'!C$4-'минимумы и максимумы'!C$2)*100) -> 18.75 | F10: =IF('исходные данные'!F10>'минимумы и максимумы'!D$4,100,('исходные данные'!F10-'минимумы и максимумы'!D$2)/('минимумы и максимумы'!D$4-'минимумы и максимумы'!D$2)*100) -> 0 | G10: =IF('исходные данные'!G10>'минимумы и максимумы'!E$4,100,('исходные данные'!G10-'минимумы и максимумы'!E$2)/('минимумы и максимумы'!E$4-'минимумы и максимумы'!E$2)*100) -> 24.324324 | H10: =IF('исходные данные'!H10>'минимумы и максимумы'!F$4,100,('исходные данные'!H10-'минимумы и максимумы'!F$2)/('минимумы и максимумы'!F$4-'минимумы и максимумы'!F$2)*100) -> 28.947368 | I10: =IF('исходные данные'!I10>'минимумы и максимумы'!G$4,100,('исходные данные'!I10-'минимумы и максимумы'!G$2)/('минимумы и максимумы'!G$4-'минимумы и максимумы'!G$2)*100) -> 38.554217 | J10: =IF('исходные данные'!J10>'минимумы и максимумы'!H$4,100,('исходные данные'!J10-'минимумы и максимумы'!H$2)/('минимумы и максимумы'!H$4-'минимумы и максимумы'!H$2)*100) -> 29.166667 | K10: =IF('исходные данные'!K10>'минимумы и максимумы'!I$4,100,('исходные данные'!K10-'минимумы и максимумы'!I$2)/('минимумы и максимумы'!I$4-'минимумы и максимумы'!I$2)*100) -> 0 | ... U10: =IF('исходные данные'!U10>'минимумы и максимумы'!S$4,100,('исходные данные'!U10-'минимумы и максимумы'!S$2)/('минимумы и максимумы'!S$4-'минимумы и максимумы'!S$2)*100) -> 100
A11: 22 | B11: 0 | C11: 0 | D11: =IF('исходные данные'!D11>'минимумы и максимумы'!B$4,100,('исходные данные'!D11-'минимумы и максимумы'!B$2)/('минимумы и максимумы'!B$4-'минимумы и максимумы'!B$2)*100) -> 50 | E11: =IF('исходные данные'!E11>'минимумы и максимумы'!C$4,100,('исходные данные'!E11-'минимумы и максимумы'!C$2)/('минимумы и максимумы'!C$4-'минимумы и максимумы'!C$2)*100) -> 37.5 | F11: =IF('исходные данные'!F11>'минимумы и максимумы'!D$4,100,('исходные данные'!F11-'минимумы и максимумы'!D$2)/('минимумы и максимумы'!D$4-'минимумы и максимумы'!D$2)*100) -> 0 | G11: =IF('исходные данные'!G11>'минимумы и максимумы'!E$4,100,('исходные данные'!G11-'минимумы и максимумы'!E$2)/('минимумы и максимумы'!E$4-'минимумы и максимумы'!E$2)*100) -> 13.513514 | H11: =IF('исходные данные'!H11>'минимумы и максимумы'!F$4,100,('исходные данные'!H11-'минимумы и максимумы'!F$2)/('минимумы и максимумы'!F$4-'минимумы и максимумы'!F$2)*100) -> 13.157895 | I11: =IF('исходные данные'!I11>'минимумы и максимумы'!G$4,100,('исходные данные'!I11-'минимумы и максимумы'!G$2)/('минимумы и максимумы'!G$4-'минимумы и максимумы'!G$2)*100) -> 19.277108 | J11: =IF('исходные данные'!J11>'минимумы и максимумы'!H$4,100,('исходные данные'!J11-'минимумы и максимумы'!H$2)/('минимумы и максимумы'!H$4-'минимумы и максимумы'!H$2)*100) -> 12.5 | K11: =IF('исходные данные'!K11>'минимумы и максимумы'!I$4,100,('исходные данные'!K11-'минимумы и максимумы'!I$2)/('минимумы и максимумы'!I$4-'минимумы и максимумы'!I$2)*100) -> 28.571429 | ... U11: =IF('исходные данные'!U11>'минимумы и максимумы'!S$4,100,('исходные данные'!U11-'минимумы и максимумы'!S$2)/('минимумы и максимумы'!S$4-'минимумы и максимумы'!S$2)*100) -> 0
A12: 27 | B12: 1 | C12: 0 | D12: =IF('исходные данные'!D12>'минимумы и максимумы'!B$4,100,('исходные данные'!D12-'минимумы и максимумы'!B$2)/('минимумы и максимумы'!B$4-'минимумы и максимумы'!B$2)*100) -> 50 | E12: =IF('исходные данные'!E12>'минимумы и максимумы'!C$4,100,('исходные данные'!E12-'минимумы и максимумы'!C$2)/('минимумы и максимумы'!C$4-'минимумы и максимумы'!C$2)*100) -> 37.5 | F12: =IF('исходные данные'!F12>'минимумы и максимумы'!D$4,100,('исходные данные'!F12-'минимумы и максимумы'!D$2)/('минимумы и максимумы'!D$4-'минимумы и максимумы'!D$2)*100) -> 25 | G12: =IF('исходные данные'!G12>'минимумы и максимумы'!E$4,100,('исходные данные'!G12-'минимумы и максимумы'!E$2)/('минимумы и максимумы'!E$4-'минимумы и максимумы'!E$2)*100) -> 54.054054 | H12: =IF('исходные данные'!H12>'минимумы и максимумы'!F$4,100,('исходные данные'!H12-'минимумы и максимумы'!F$2)/('минимумы и максимумы'!F$4-'минимумы и максимумы'!F$2)*100) -> 52.631579 | I12: =IF('исходные данные'!I12>'минимумы и максимумы'!G$4,100,('исходные данные'!I12-'минимумы и максимумы'!G$2)/('минимумы и максимумы'!G$4-'минимумы и максимумы'!G$2)*100) -> 54.216867 | J12: =IF('исходные данные'!J12>'минимумы и максимумы'!H$4,100,('исходные данные'!J12-'минимумы и максимумы'!H$2)/('минимумы и максимумы'!H$4-'минимумы и максимумы'!H$2)*100) -> 54.166667 | K12: =IF('исходные данные'!K12>'минимумы и максимумы'!I$4,100,('исходные данные'!K12-'минимумы и максимумы'!I$2)/('минимумы и максимумы'!I$4-'минимумы и максимумы'!I$2)*100) -> 17.857143 | ... U12: =IF('исходные данные'!U12>'минимумы и максимумы'!S$4,100,('исходные данные'!U12-'минимумы и максимумы'!S$2)/('минимумы и максимумы'!S$4-'минимумы и максимумы'!S$2)*100) -> 33.333333
A13: 29 | B13: 0 | C13: 0 | D13: =IF('исходные данные'!D13>'минимумы и максимумы'!B$4,100,('исходные данные'!D13-'минимумы и максимумы'!B$2)/('минимумы и максимумы'!B$4-'минимумы и максимумы'!B$2)*100) -> 87.5 | E13: =IF('исходные данные'!E13>'минимумы и максимумы'!C$4,100,('исходные данные'!E13-'минимумы и максимумы'!C$2)/('минимумы и максимумы'!C$4-'минимумы и максимумы'!C$2)*100) -> 31.25 | F13: =IF('исходные данные'!F13>'минимумы и максимумы'!D$4,100,('исходные данные'!F13-'минимумы и максимумы'!D$2)/('минимумы и максимумы'!D$4-'минимумы и максимумы'!D$2)*100) -> 50 | G13: =IF('исходные данные'!G13>'минимумы и максимумы'!E$4,100,('исходные данные'!G13-'минимумы и максимумы'!E$2)/('минимумы и максимумы'!E$4-'минимумы и максимумы'!E$2)*100) -> 37.837838 | H13: =IF('исходные данные'!H13>'минимумы и максимумы'!F$4,100,('исходные данные'!H13-'минимумы и максимумы'!F$2)/('минимумы и максимумы'!F$4-'минимумы и максимумы'!F$2)*100) -> 42.105263 | I13: =IF('исходные данные'!I13>'минимумы и максимумы'!G$4,100,('исходные данные'!I13-'минимумы и максимумы'!G$2)/('минимумы и максимумы'!G$4-'минимумы и максимумы'!G$2)*100) -> 60.240964 | J13: =IF('исходные данные'!J13>'минимумы и максимумы'!H$4,100,('исходные данные'!J13-'минимумы и максимумы'!H$2)/('минимумы и максимумы'!H$4-'минимумы и максимумы'!H$2)*100) -> 66.666667 | K13: =IF('исходные данные'!K13>'минимумы и максимумы'!I$4,100,('исходные данные'!K13-'минимумы и максимумы'!I$2)/('минимумы и максимумы'!I$4-'минимумы и максимумы'!I$2)*100) -> 46.428571 | ... U13: =IF('исходные данные'!U13>'минимумы и максимумы'!S$4,100,('исходные данные'!U13-'минимумы и максимумы'!S$2)/('минимумы и максимумы'!S$4-'минимумы и максимумы'!S$2)*100) -> 66.666667
... A432: 553 | B432: 0 | C432: 0 | D432: =IF('исходные данные'!D432>'минимумы и максимумы'!B$4,100,('исходные данные'!D432-'минимумы и максимумы'!B$2)/('минимумы и максимумы'!B$4-'минимумы и максимумы'!B$2)*100) -> 0 | E432: =IF('исходные данные'!E432>'минимумы и максимумы'!C$4,100,('исходные данные'!E432-'минимумы и максимумы'!C$2)/('минимумы и максимумы'!C$4-'минимумы и максимумы'!C$2)*100) -> 0 | F432: =IF('исходные данные'!F432>'минимумы и максимумы'!D$4,100,('исходные данные'!F432-'минимумы и максимумы'!D$2)/('минимумы и максимумы'!D$4-'минимумы и максимумы'!D$2)*100) -> 0 | G432: =IF('исходные данные'!G432>'минимумы и максимумы'!E$4,100,('исходные данные'!G432-'минимумы и максимумы'!E$2)/('минимумы и максимумы'!E$4-'минимумы и максимумы'!E$2)*100) -> 0 | H432: =IF('исходные данные'!H432>'минимумы и максимумы'!F$4,100,('исходные данные'!H432-'минимумы и максимумы'!F$2)/('минимумы и максимумы'!F$4-'минимумы и максимумы'!F$2)*100) -> 0 | I432: =IF('исходные данные'!I432>'минимумы и максимумы'!G$4,100,('исходные данные'!I432-'минимумы и максимумы'!G$2)/('минимумы и максимумы'!G$4-'минимумы и максимумы'!G$2)*100) -> 2.4096386 | J432: =IF('исходные данные'!J432>'минимумы и максимумы'!H$4,100,('исходные данные'!J432-'минимумы и максимумы'!H$2)/('минимумы и максимумы'!H$4-'минимумы и максимумы'!H$2)*100) -> 0 | K432: =IF('исходные данные'!K432>'минимумы и максимумы'!I$4,100,('исходные данные'!K432-'минимумы и максимумы'!I$2)/('минимумы и максимумы'!I$4-'минимумы и максимумы'!I$2)*100) -> 0 | ... U432: =IF('исходные данные'!U432>'минимумы и максимумы'!S$4,100,('исходные данные'!U432-'минимумы и максимумы'!S$2)/('минимумы и максимумы'!S$4-'минимумы и максимумы'!S$2)*100) -> 66.666667

Sheet проверка корреляций
B1: для к 1,5 | K1: для к 1,5
C3: vosstanovleno | L3: sneseno
C4: R2 Макфаддена | D4: p-value | E4: coef | F4: exp_coef | H4: norm_exp_coef | I4: weight | L4: R2 Макфаддена | M4: p-value | N4: coef | O4: exp_coef | Q4: norm_exp_coef | R4: weight
B5: school | C5: 0.01961 | D5: 0.0205 | E5: 0.0111889 | K5: school | L5: 0.038502 | M5: 0.0047 | N5: -0.0205939
B6: kindergarten | C6: 0.015467 | D6: 0.038 | E6: 0.0109163 | K6: kindergarten | L6: 0.0289 | M6: 0.0127 | N6: -0.0195695
B7: polyclinic | C7: 0.011042 | D7: 0.0784 | E7: 0.00889111 | K7: polyclinic | L7: 0.03013 | M7: 0.0149 | N7: -0.0206145
B8: supermarket | C8: 0.025594 | D8: 0.0078 | E8: 0.0152445 | K8: supermarket | L8: 0.052648 | M8: 0.0012 | N8: -0.0306299
B9: PVZ | C9: 0.023239 | D9: 0.0114 | E9: 0.0152136 | K9: PVZ | L9: 0.027476 | M9: 0.0124 | N9: -0.0206092
B10: obshepit | C10: 0.03824 | D10: 0.0012 | E10: 0.0145767 | K10: obshepit | L10: 0.058042 | M10: 0.0018 | N10: -0.028383
B11: hotel | C11: 0.040897 | D11: 0.0007 | E11: 0.0139076 | K11: hotel | L11: 0.057219 | M11: 0.0035 | N11: -0.0285772
B12: BC | C12: 0.032415 | D12: 0.0024 | E12: 0.0153024 | K12: BC | L12: 0.068053 | M12: 0.0008 | N12: -0.0379901
B13: bank | C13: 0.03517 | D13: 0.0017 | E13: 0.0128778 | K13: bank | L13: 0.039842 | M13: 0.0072 | N13: -0.020634
B14: stop | C14: 0.006203 | D14: 0.1975 | E14: 0.00959062 | K14: stop | L14: 0.041113 | M14: 0.0022 | N14: -0.0288691
B15: to_centre | C15: 0.018104 | D15: 0.0428 | E15: -0.0188985 | K15: to_centre | L15: 0.031346 | M15: 0.0029 | N15: 0.020153
B16: condition | C16: 0.027551 | D16: 0.0104 | E16: 0.013122 | K16: condition | L16: 0.051845 | M16: 0.0003 | N16: -0.0171056
... B22: complexity | C22: 0.008115 | D22: 0.1376 | E22: 0.006885 | K22: complexity | L22: 0.019852 | M22: 0.0321 | N22: -0.0127514
B28: для к 3 | K28: для к 3
C30: vosstanovleno | L30: sneseno
C31: R2 Макфаддена | D31: p-value | E31: coef | F31: exp_coef | H31: norm_exp_coef | I31: weight | L31: R2 Макфаддена | M31: p-value | N31: coef | O31: exp_coef | Q31: norm_exp_coef | R31: weight
B32: school | C32: 0.024649 | D32: 0.0082 | E32: 0.0174825 | K32: school | L32: 0.039507 | M32: 0.0051 | N32: -0.0323538
B33: kindergarten | C33: 0.015182 | D33: 0.0382 | E33: 0.0159413 | K33: kindergarten | L33: 0.025591 | M33: 0.0196 | N33: -0.0281001
B34: polyclinic | C34: 0.010236 | D34: 0.0896 | E34: 0.0111874 | K34: polyclinic | L34: 0.030258 | M34: 0.0151 | N34: -0.0273931
B35: supermarket | C35: 0.024432 | D35: 0.0091 | E35: 0.0224377 | K35: supermarket | L35: 0.051824 | M35: 0.0014 | N35: -0.0465321
B36: PVZ | C36: 0.023884 | D36: 0.0101 | E36: 0.0229655 | K36: PVZ | L36: 0.027599 | M36: 0.0125 | N36: -0.0312615
B37: obshepit | C37: 0.02828 | D37: 0.0042 | E37: 0.0143292 | K37: obshepit | L37: 0.058255 | M37: 0.0036 | N37: -0.040211
B38: hotel | C38: 0.022313 | D38: 0.0109 | E38: 0.0119391 | K38: hotel | L38: 0.059573 | M38: 0.0069 | N38: -0.0420855
B39: BC | C39: 0.029432 | D39: 0.0034 | E39: 0.0200457 | K39: BC | L39: 0.068316 | M39: 0.0009 | N39: -0.0585616
B40: bank | C40: 0.038 | D40: 0.0009 | E40: 0.0152817 | K40: bank | L40: 0.043698 | M40: 0.0098 | N40: -0.0302283
B41: stop | C41: 0.006203 | D41: 0.1975 | E41: 0.0145406 | K41: stop | L41: 0.041113 | M41: 0.0022 | N41: -0.0437693
B42: to_centre | C42: 0.017573 | D42: 0.0459 | E42: -0.0278493 | K42: to_centre | L42: 0.03147 | M42: 0.0028 | N42: 0.0301037
B43: condition | C43: 0.027551 | D43: 0.0104 | E43: 0.013122 | K43: condition | L43: 0.051845 | M43: 0.0003 | N43: -0.0171056
... B49: complexity | C49: 0.008115 | D49: 0.1376 | E49: 0.006885 | K49: complexity | L49: 0.019852 | M49: 0.0321 | N49: -0.0127514
B53: итог
C54: vosstanovleno | L54: sneseno
C55: R2 Макфаддена | D55: p-value | E55: coef | F55: exp_coef | G55: остатки | H55: norm_exp_coef | I55: weight | L55: R2 Макфаддена | M55: p-value | N55: coef | O55: exp_coef | P55: остатки | Q55: norm_exp_coef | R55: weight
B56: school | C56: 0.025308 | D56: 0.0072 | E56: 0.0195507 | F56: =EXP(E56) -> 1.0197431 | G56: =ABS(F56-1) -> 0.019743067 | H56: =G56/SUM(G$56:G$65) -> 0.13143386 | I56: 0.13143386 | K56: school | L56: 0.039538 | M56: 0.0052 | N56: -0.0363569 | O56: =EXP(N56) -> 0.96429607 | P56: =ABS(O56-1) -> 0.035703925 | Q56: =P56/SUM(P$56:P$65) -> 0.11952894 | R56: 0.11952894
B57: kindergarten | C57: 0.015467 | D57: 0.038 | E57: 0.0109163 | F57: =EXP(E57) -> 1.0109761 | G57: =ABS(F57-1) -> 0.0109761 | H57: =G57/SUM(G$56:G$65) -> 0.073070271 | I57: 0.073070271 | K57: kindergarten | L57: 0.0289 | M57: 0.0127 | N57: -0.0195695 | O57: =EXP(N57) -> 0.98062074 | P57: =ABS(O57-1) -> 0.01937926 | Q57: =P57/SUM(P$56:P$65) -> 0.064877528 | R57: 0.064877528
B58: polyclinic | C58: 0.011042 | D58: 0.0784 | E58: 0.00889111 | F58: =EXP(E58) -> 1.0089308 | G58: =ABS(F58-1) -> 0.0089307533 | H58: =G58/SUM(G$56:G$65) -> 0.059453955 | I58: 0.059453955 | K58: polyclinic | L58: 0.03013 | M58: 0.0149 | N58: -0.0206145 | O58: =EXP(N58) -> 0.97959653 | P58: =ABS(O58-1) -> 0.020403474 | Q58: =P58/SUM(P$56:P$65) -> 0.068306371 | R58: 0.068306371
B59: supermarket | C59: 0.025594 | D59: 0.0078 | E59: 0.0152445 | F59: =EXP(E59) -> 1.0153613 | G59: =ABS(F59-1) -> 0.01536129 | H59: =G59/SUM(G$56:G$65) -> 0.10226343 | I59: 0.10226343 | K59: supermarket | L59: 0.052648 | M59: 0.0012 | N59: -0.0306299 | O59: =EXP(N59) -> 0.96983444 | P59: =ABS(O59-1) -> 0.030165558 | Q59: =P59/SUM(P$56:P$65) -> 0.10098769 | R59: 0.10098769
B60: PVZ | C60: 0.023884 | D60: 0.0101 | E60: 0.0175263 | F60: =EXP(E60) -> 1.0176808 | G60: =ABS(F60-1) -> 0.017680787 | H60: =G60/SUM(G$56:G$65) -> 0.11770482 | I60: 0.11770482 | K60: PVZ | L60: 0.027599 | M60: 0.0125 | N60: -0.0238575 | O60: =EXP(N60) -> 0.97642484 | P60: =ABS(O60-1) -> 0.02357516 | Q60: =P60/SUM(P$56:P$65) -> 0.078924482 | R60: 0.078924482
B61: obshepit | C61: 0.03824 | D61: 0.0012 | E61: 0.0145767 | F61: =EXP(E61) -> 1.0146835 | G61: =ABS(F61-1) -> 0.014683458 | H61: =G61/SUM(G$56:G$65) -> 0.097750954 | I61: 0.097750954 | K61: obshepit | L61: 0.058042 | M61: 0.0018 | N61: -0.028383 | O61: =EXP(N61) -> 0.97201601 | P61: =ABS(O61-1) -> 0.027983987 | Q61: =P61/SUM(P$56:P$65) -> 0.093684271 | R61: 0.093684271
B62: hotel | C62: 0.040897 | D62: 0.0007 | E62: 0.0139076 | F62: =EXP(E62) -> 1.0140048 | G62: =ABS(F62-1) -> 0.014004761 | H62: =G62/SUM(G$56:G$65) -> 0.093232717 | I62: 0.093232717 | K62: hotel | L62: 0.057219 | M62: 0.0035 | N62: -0.0285772 | O62: =EXP(N62) -> 0.97182727 | P62: =ABS(O62-1) -> 0.028172734 | Q62: =P62/SUM(P$56:P$65) -> 0.094316156 | R62: 0.094316156
B63: BC | C63: 0.032415 | D63: 0.0024 | E63: 0.0153024 | F63: =EXP(E63) -> 1.0154201 | G63: =ABS(F63-1) -> 0.015420081 | H63: =G63/SUM(G$56:G$65) -> 0.10265481 | I63: 0.10265481 | K63: BC | L63: 0.068053 | M63: 0.0008 | N63: -0.0379901 | O63: =EXP(N63) -> 0.96272247 | P63: =ABS(O63-1) -> 0.037277528 | Q63: =P63/SUM(P$56:P$65) -> 0.12479702 | R63: 0.12479702
B64: bank | C64: 0.045528 | D64: 0.0002 | E64: 0.0244121 | F64: =EXP(E64) -> 1.0247125 | G64: =ABS(F64-1) -> 0.024712515 | H64: =G64/SUM(G$56:G$65) -> 0.16451655 | I64: 0.16451655 | K64: bank | L64: 0.044229 | M64: 0.012 | N64: -0.0516148 | O64: =EXP(N64) -> 0.94969462 | P64: =ABS(O64-1) -> 0.050305381 | Q64: =P64/SUM(P$56:P$65) -> 0.16841142 | R64: 0.16841142
B65: stop | C65: 0.006203 | D65: 0.1975 | E65: 0.0086625 | F65: =EXP(E65) -> 1.0087001 | G65: =ABS(F65-1) -> 0.008700128 | H65: =G65/SUM(G$56:G$65) -> 0.057918632 | I65: 0.057918632 | K65: stop | L65: 0.041113 | M65: 0.0022 | N65: -0.0260753 | O65: =EXP(N65) -> 0.97426172 | P65: =ABS(O65-1) -> 0.025738275 | Q65: =P65/SUM(P$56:P$65) -> 0.08616612 | R65: 0.08616612
B66: to_centre | C66: 0.018104 | D66: 0.0428 | E66: -0.0188985 | F66: =EXP(E66) -> 0.98127896 | G66: =ABS(F66-1) -> 0.018721043 | H66: =-G66/SUM(G$66:G$74) -> -0.17648172 | I66: -0.17648172 | K66: to_centre | L66: 0.031346 | M66: 0.0029 | N66: 0.020153 | O66: =EXP(N66) -> 1.0203574 | P66: =ABS(O66-1) -> 0.020357443 | Q66: =P66/SUM(P$66:P$74) -> 0.099821352 | R66: 0.099821352
B67: condition | C67: 0.027551 | D67: 0.0104 | E67: 0.013122 | F67: =EXP(E67) -> 1.0132085 | G67: =ABS(F67-1) -> 0.013208471 | H67: =G67/SUM(G$66:G$74) -> 0.12451516 | I67: 0.12451516 | K67: condition | L67: 0.051845 | M67: 0.0003 | N67: -0.0171056 | O67: =EXP(N67) -> 0.98303987 | P67: =ABS(O67-1) -> 0.01696013 | Q67: =-P67/SUM(P$66:P$74) -> -0.083162856 | R67: -0.083162856
B68: value | C68: 1.1e-05 | D68: 0.9578 | E68: 0.00020342 | K68: value | L68: 0.065856 | M68: 0.0074 | N68: -0.027291 | O68: =EXP(N68) -> 0.97307803 | P68: =ABS(O68-1) -> 0.026921965 | Q68: =-P68/SUM(P$66:P$74) -> -0.13201005 | R68: -0.13201005
B69: b_n | C69: 0.019057 | D69: 0.0409 | E69: 0.00934043 | F69: =EXP(E69) -> 1.0093842 | G69: =ABS(F69-1) -> 0.0093841879 | H69: =G69/SUM(G$66:G$74) -> 0.088463961 | I69: 0.088463961 | K69: b_n | L69: 0.040273 | M69: 0.0009 | N69: -0.0110638 | O69: =EXP(N69) -> 0.98899718 | P69: =ABS(O69-1) -> 0.011002821 | Q69: =-P69/SUM(P$66:P$74) -> -0.053951594 | R69: -0.053951594
B70: zone | C70: 0.018666 | D70: 0.0396 | E70: 0.01529 | F70: =EXP(E70) -> 1.0154075 | G70: =ABS(F70-1) -> 0.01540749 | H70: =G70/SUM(G$66:G$74) -> 0.14524513 | I70: 0.14524513 | K70: zone | L70: 0.041664 | M70: 0.0007 | N70: -0.0188248 | O70: =EXP(N70) -> 0.98135128 | P70: =ABS(O70-1) -> 0.01864872 | Q70: =-P70/SUM(P$66:P$74) -> -0.091442745 | R70: -0.091442745
B71: floors | C71: 0.01867 | D71: 0.0238 | E71: 0.0153689 | F71: =EXP(E71) -> 1.0154876 | G71: =ABS(F71-1) -> 0.015487609 | H71: =G71/SUM(G$66:G$74) -> 0.1460004 | I71: 0.1460004 | K71: floors | L71: 0.025452 | M71: 0.0154 | N71: -0.0217896 | O71: =EXP(N71) -> 0.97844608 | P71: =ABS(O71-1) -> 0.021553922 | Q71: =-P71/SUM(P$66:P$74) -> -0.1056882 | R71: -0.1056882
B72: s_base | C72: 3.2e-05 | D72: 0.9267 | E72: 0.000651551 | K72: s_base | L72: 0.028444 | M72: 0.0189 | N72: -0.0262963 | O72: =EXP(N72) -> 0.97404644 | P72: =ABS(O72-1) -> 0.025953563 | Q72: =-P72/SUM(P$66:P$74) -> -0.12726155 | R72: -0.12726155
B73: complexity | C73: 0.008115 | D73: 0.1376 | E73: 0.006885 | F73: =EXP(E73) -> 1.0069088 | G73: =ABS(F73-1) -> 0.0069087561 | H73: =G73/SUM(G$66:G$74) -> 0.065128271 | I73: 0.065128271 | K73: complexity | L73: 0.019852 | M73: 0.0321 | N73: -0.0127514 | O73: =EXP(N73) -> 0.98732955 | P73: =ABS(O73-1) -> 0.012670445 | Q73: =-P73/SUM(P$66:P$74) -> -0.062128677 | R73: -0.062128677
B74: int_v_service | C74: 0.046483 | D74: 0.0004 | E74: 0.0266046 | F74: =EXP(E74) -> 1.0269617 | G74: =ABS(F74-1) -> 0.026961662 | H74: =G74/SUM(G$66:G$74) -> 0.25416535 | I74: 0.25416535 | K74: int_s_service | L74: 0.076117 | M74: 0.0002 | N74: -0.0511562 | O74: =EXP(N74) -> 0.95013025 | P74: =ABS(O74-1) -> 0.049869751 | Q74: =-P74/SUM(P$66:P$74) -> -0.24453297 | R74: -0.24453297
B75: int_v_potential | C75: 0.065948 | D75: 8.48e-05 | K75: int_s_potential | L75: 0.159997 | M75: 2.9e-08
B77: без формы
B78: to_centre | C78: 0.018104 | D78: 0.0428 | E78: -0.0188985 | F78: =EXP(E78) -> 0.98127896 | G78: =ABS(F78-1) -> 0.018721043 | H78: =-G78/SUM(G$78:G$86) -> -0.1887764 | I78: -0.1887764 | K78: to_centre | L78: 0.031346 | M78: 0.0029 | N78: 0.020153 | O78: =EXP(N78) -> 1.0203574 | P78: =ABS(O78-1) -> 0.020357443 | Q78: =P78/SUM(P$78:P$86) -> 0.10643395 | R78: 0.10643395
B79: condition | C79: 0.027551 | D79: 0.0104 | E79: 0.013122 | F79: =EXP(E79) -> 1.0132085 | G79: =ABS(F79-1) -> 0.013208471 | H79: =G79/SUM(G$78:G$86) -> 0.13318957 | I79: 0.13318957 | K79: condition | L79: 0.051845 | M79: 0.0003 | N79: -0.0171056 | O79: =EXP(N79) -> 0.98303987 | P79: =ABS(O79-1) -> 0.01696013 | Q79: =-P79/SUM(P$78:P$86) -> -0.088671926 | R79: -0.088671926
B80: value | C80: 1.1e-05 | D80: 0.9578 | E80: 0.00020342 | K80: value | L80: 0.065856 | M80: 0.0074 | N80: -0.027291 | O80: =EXP(N80) -> 0.97307803 | P80: =ABS(O80-1) -> 0.026921965 | Q80: =-P80/SUM(P$78:P$86) -> -0.14075497 | R80: -0.14075497
B81: b_n | C81: 0.019057 | D81: 0.0409 | E81: 0.00934043 | F81: =EXP(E81) -> 1.0093842 | G81: =ABS(F81-1) -> 0.0093841879 | H81: =G81/SUM(G$78:G$86) -> 0.094626844 | I81: 0.094626844 | K81: b_n | L81: 0.040273 | M81: 0.0009 | N81: -0.0110638 | O81: =EXP(N81) -> 0.98899718 | P81: =ABS(O81-1) -> 0.011002821 | Q81: =-P81/SUM(P$78:P$86) -> -0.057525582 | R81: -0.057525582
B82: zone | C82: 0.018666 | D82: 0.0396 | E82: 0.01529 | F82: =EXP(E82) -> 1.0154075 | G82: =ABS(F82-1) -> 0.01540749 | H82: =G82/SUM(G$78:G$86) -> 0.1553637 | I82: 0.1553637 | K82: zone | L82: 0.041664 | M82: 0.0007 | N82: -0.0188248 | O82: =EXP(N82) -> 0.98135128 | P82: =ABS(O82-1) -> 0.01864872 | Q82: =-P82/SUM(P$78:P$86) -> -0.09750031 | R82: -0.09750031
B83: floors | C83: 0.01867 | D83: 0.0238 | E83: 0.0153689 | F83: =EXP(E83) -> 1.0154876 | G83: =ABS(F83-1) -> 0.015487609 | H83: =G83/SUM(G$78:G$86) -> 0.15617159 | I83: 0.15617159 | K83: floors | L83: 0.025452 | M83: 0.0154 | N83: -0.0217896 | O83: =EXP(N83) -> 0.97844608 | P83: =ABS(O83-1) -> 0.021553922 | Q83: =-P83/SUM(P$78:P$86) -> -0.11268945 | R83: -0.11268945
B84: s_base | C84: 3.2e-05 | D84: 0.9267 | E84: 0.000651551 | K84: s_base | L84: 0.028444 | M84: 0.0189 | N84: -0.0262963 | O84: =EXP(N84) -> 0.97404644 | P84: =ABS(O84-1) -> 0.025953563 | Q84: =-P84/SUM(P$78:P$86) -> -0.13569191 | R84: -0.13569191
B86: int_v_service | C86: 0.046483 | D86: 0.0004 | E86: 0.0266046 | F86: =EXP(E86) -> 1.0269617 | G86: =ABS(F86-1) -> 0.026961662 | H86: =G86/SUM(G$78:G$86) -> 0.2718719 | I86: 0.2718719 | K86: int_s_service | L86: 0.076117 | M86: 0.0002 | N86: -0.0511562 | O86: =EXP(N86) -> 0.95013025 | P86: =ABS(O86-1) -> 0.049869751 | Q86: =-P86/SUM(P$78:P$86) -> -0.2607319 | R86: -0.2607319
B87: int_v_potential_bez_complex | C87: 0.065489 | D87: 9.69e-05 | K87: int_s_potential_bez_complex | L87: 0.160036 | M87: 3.01e-08
B89: без бывшего назначения
B90: to_centre | C90: 0.018104 | D90: 0.0428 | E90: -0.0188985 | F90: =EXP(E90) -> 0.98127896 | G90: =ABS(F90-1) -> 0.018721043 | H90: =-G90/SUM(G$90:G$98) -> -0.19360915 | I90: -0.19360915 | K90: to_centre | L90: 0.031346 | M90: 0.0029 | N90: 0.020153 | O90: =EXP(N90) -> 1.0203574 | P90: =ABS(O90-1) -> 0.020357443 | Q90: =P90/SUM(P$90:P$98) -> 0.105514 | R90: 0.105514
B91: condition | C91: 0.027551 | D91: 0.0104 | E91: 0.013122 | F91: =EXP(E91) -> 1.0132085 | G91: =ABS(F91-1) -> 0.013208471 | H91: =G91/SUM(G$90:G$98) -> 0.13659928 | I91: 0.13659928 | K91: condition | L91: 0.051845 | M91: 0.0003 | N91: -0.0171056 | O91: =EXP(N91) -> 0.98303987 | P91: =ABS(O91-1) -> 0.01696013 | Q91: =-P91/SUM(P$90:P$98) -> -0.087905498 | R91: -0.087905498
B92: value | C92: 1.1e-05 | D92: 0.9578 | E92: 0.00020342 | K92: value | L92: 0.065856 | M92: 0.0074 | N92: -0.027291 | O92: =EXP(N92) -> 0.97307803 | P92: =ABS(O92-1) -> 0.026921965 | Q92: =-P92/SUM(P$90:P$98) -> -0.13953836 | R92: -0.13953836
B94: zone | C94: 0.018666 | D94: 0.0396 | E94: 0.01529 | F94: =EXP(E94) -> 1.0154075 | G94: =ABS(F94-1) -> 0.01540749 | H94: =G94/SUM(G$90:G$98) -> 0.15934107 | I94: 0.15934107 | K94: zone | L94: 0.041664 | M94: 0.0007 | N94: -0.0188248 | O94: =EXP(N94) -> 0.98135128 | P94: =ABS(O94-1) -> 0.01864872 | Q94: =-P94/SUM(P$90:P$98) -> -0.096657575 | R94: -0.096657575
B95: floors | C95: 0.01867 | D95: 0.0238 | E95: 0.0153689 | F95: =EXP(E95) -> 1.0154876 | G95: =ABS(F95-1) -> 0.015487609 | H95: =G95/SUM(G$90:G$98) -> 0.16016965 | I95: 0.16016965 | K95: floors | L95: 0.025452 | M95: 0.0154 | N95: -0.0217896 | O95: =EXP(N95) -> 0.97844608 | P95: =ABS(O95-1) -> 0.021553922 | Q95: =-P95/SUM(P$90:P$98) -> -0.11171543 | R95: -0.11171543
B96: s_base | C96: 3.2e-05 | D96: 0.9267 | E96: 0.000651551 | K96: s_base | L96: 0.028444 | M96: 0.0189 | N96: -0.0262963 | O96: =EXP(N96) -> 0.97404644 | P96: =ABS(O96-1) -> 0.025953563 | Q96: =-P96/SUM(P$90:P$98) -> -0.13451907 | R96: -0.13451907
B97: complexity | C97: 0.008115 | D97: 0.1376 | E97: 0.006885 | F97: =EXP(E97) -> 1.0069088 | G97: =ABS(F97-1) -> 0.0069087561 | H97: =G97/SUM(G$90:G$98) -> 0.071448926 | I97: 0.071448926 | K97: complexity | L97: 0.019852 | M97: 0.0321 | N97: -0.0127514 | O97: =EXP(N97) -> 0.98732955 | P97: =ABS(O97-1) -> 0.012670445 | Q97: =-P97/SUM(P$90:P$98) -> -0.065671774 | R97: -0.065671774
B98: int_v_service | C98: 0.046483 | D98: 0.0004 | E98: 0.0266046 | F98: =EXP(E98) -> 1.0269617 | G98: =ABS(F98-1) -> 0.026961662 | H98: =G98/SUM(G$90:G$98) -> 0.27883193 | I98: 0.27883193 | K98: int_s_service | L98: 0.076117 | M98: 0.0002 | N98: -0.0511562 | O98: =EXP(N98) -> 0.95013025 | P98: =ABS(O98-1) -> 0.049869751 | Q98: =-P98/SUM(P$90:P$98) -> -0.25847829 | R98: -0.25847829
B99: int_v_potential_bez_bn | C99: 0.063514 | D99: 9.93e-05 | K99: int_s_potential_bez_bn | L99: 0.153651 | M99: 8.84e-08

Sheet пример расчёта весов
D4: coef (коэффициенты логистической регрессии) | E4: exp_coef (проэкспонированные коэффициенты логистической регрессии) | F4: Остатки при вычитании единицы | G4: Веса - нормализованные остатки (сумма = 1)
C5: school | D5: 0.0195507 | E5: 1.0197431 | F5: 0.019743067 | G5: 0.13143386
C6: kindergarten | D6: 0.0109163 | E6: 1.0109761 | F6: 0.0109761 | G6: 0.073070271 | J6: Значения логистической регрессии
C7: polyclinic | D7: 0.00889111 | E7: 1.0089308 | F7: 0.0089307533 | G7: 0.059453955 | J7: со случаями восстановления | M7: со случаями сноса
C8: supermarket | D8: 0.0152445 | E8: 1.0153613 | F8: 0.01536129 | G8: 0.10226343 | K8: R^2 Макфаддена | L8: p-value | N8: R^2 Макфаддена | O8: p-value
C9: PVZ | D9: 0.0175263 | E9: 1.0176808 | F9: 0.017680787 | G9: 0.11770482 | J9: int_v_potential | K9: 0.065948 | L9: 8.48e-05 | M9: int_s_potential | N9: 0.159997 | O9: 2.9e-08
C10: obshepit | D10: 0.0145767 | E10: 1.0146835 | F10: 0.014683458 | G10: 0.097750954
C11: hotel | D11: 0.0139076 | E11: 1.0140048 | F11: 0.014004761 | G11: 0.093232717
C12: BC | D12: 0.0153024 | E12: 1.0154201 | F12: 0.015420081 | G12: 0.10265481
C13: bank | D13: 0.0244121 | E13: 1.0247125 | F13: 0.024712515 | G13: 0.16451655
C14: stop | D14: 0.0086625 | E14: 1.0087001 | F14: 0.008700128 | G14: 0.057918632 | J14: int_v_service | K14: 0.046483 | L14: 0.0004 | N14: int_s_service | O14: 0.076117 | P14: 0.0002
J15: condition | K15: 0.027551 | L15: 0.0104 | N15: value | O15: 0.065856 | P15: 0.0074
J16: b_n | K16: 0.019057 | L16: 0.0409 | N16: condition | O16: 0.051845 | P16: 0.0003
J17: floors | K17: 0.01867 | L17: 0.0238 | N17: zone | O17: 0.041664 | P17: 0.0007
J18: zone | K18: 0.018666 | L18: 0.0396 | N18: b_n | O18: 0.040273 | P18: 0.0009
J19: to_centre | K19: 0.018104 | L19: 0.0428 | N19: to_centre | O19: 0.031346 | P19: 0.0029
J20: complexity | K20: 0.008115 | L20: 0.1376 | N20: s_base | O20: 0.028444 | P20: 0.0189
J21: s_base | K21: 3.2e-05 | L21: 0.9267 | N21: floors | O21: 0.025452 | P21: 0.0154
J22: value | K22: 1.1e-05 | L22: 0.9578 | N22: complexity | O22: 0.019852 | P22: 0.0321

Sheet сервисы восстановление
A1: вес | D1: 0.13143386 | E1: 0.073070271 | F1: 0.059453955 | G1: 0.10226343 | H1: 0.11770482 | I1: 0.097750954 | J1: 0.093232717 | K1: 0.10265481 | L1: 0.16451655 | M1: 0.057918632 | P1: max | Q1: =MAX(N4:N434) -> 84.148685
P2: min | Q2: =MIN(N4:N434) -> 0
A3: id | B3: vosstanovleno | C3: sneseno | D3: school | E3: kindergarten | F3: polyclinic | G3: supermarket | H3: PVZ | I3: obshepit | J3: hotel | K3: BC | L3: bank | M3: stop | N3: int_v_service
A4: 1 | B4: 0 | C4: 0 | D4: 44.444444 | E4: 80 | F4: 33.333333 | G4: 66.666667 | H4: 68.965517 | I4: 100 | J4: 100 | K4: 33.333333 | L4: 78.571429 | M4: 53.571429 | N4: =D4*D$1+E4*E$1+F4*F$1+G4*G$1+H4*H$1+I4*I$1+J4*J$1+K4*K$1+L4*L$1+M4*M$1 -> 67.153339
A5: 2 | B5: 0 | C5: 0 | D5: 0 | E5: 0 | F5: 0 | G5: 0 | H5: 0 | I5: 1.8867925 | J5: 0 | K5: 5.5555556 | L5: 0 | M5: 3.5714286 | N5: =D5*D$1+E5*E$1+F5*F$1+G5*G$1+H5*H$1+I5*I$1+J5*J$1+K5*K$1+L5*L$1+M5*M$1 -> 0.96159254
A6: 3 | B6: 0 | C6: 0 | D6: 44.444444 | E6: 40 | F6: 0 | G6: 37.5 | H6: 31.034483 | I6: 100 | J6: 80 | K6: 27.777778 | L6: 14.285714 | M6: 42.857143 | N6: =D6*D$1+E6*E$1+F6*F$1+G6*G$1+H6*H$1+I6*I$1+J6*J$1+K6*K$1+L6*L$1+M6*M$1 -> 41.169801
A7: 5 | B7: 0 | C7: 0 | D7: 22.222222 | E7: 70 | F7: 0 | G7: 25 | H7: 17.241379 | I7: 100 | J7: 46.666667 | K7: 5.5555556 | L7: 21.428571 | M7: 32.142857 | N7: =D7*D$1+E7*E$1+F7*F$1+G7*G$1+H7*H$1+I7*I$1+J7*J$1+K7*K$1+L7*L$1+M7*M$1 -> 32.704936
A8: 6 | B8: 0 | C8: 0 | D8: 44.444444 | E8: 60 | F8: 0 | G8: 20.833333 | H8: 17.241379 | I8: 100 | J8: 60 | K8: 5.5555556 | L8: 21.428571 | M8: 32.142857 | N8: =D8*D$1+E8*E$1+F8*F$1+G8*G$1+H8*H$1+I8*I$1+J8*J$1+K8*K$1+L8*L$1+M8*M$1 -> 35.711991
A9: 7 | B9: 0 | C9: 0 | D9: 44.444444 | E9: 60 | F9: 0 | G9: 29.166667 | H9: 31.034483 | I9: 100 | J9: 86.666667 | K9: 22.222222 | L9: 21.428571 | M9: 28.571429 | N9: =D9*D$1+E9*E$1+F9*F$1+G9*G$1+H9*H$1+I9*I$1+J9*J$1+K9*K$1+L9*L$1+M9*M$1 -> 42.177968
A10: 17 | B10: 0 | C10: 0 | D10: 0 | E10: 0 | F10: 0 | G10: 12.5 | H10: 6.8965517 | I10: 67.924528 | J10: 6.6666667 | K10: 0 | L10: 0 | M10: 25 | N10: =D10*D$1+E10*E$1+F10*F$1+G10*G$1+H10*H$1+I10*I$1+J10*J$1+K10*K$1+L10*L$1+M10*M$1 -> 10.799255
A11: 20 | B11: 0 | C11: 0 | D11: 11.111111 | E11: 10 | F11: 33.333333 | G11: 37.5 | H11: 27.586207 | I11: 35.849057 | J11: 60 | K11: 72.222222 | L11: 21.428571 | M11: 57.142857 | N11: =D11*D$1+E11*E$1+F11*F$1+G11*G$1+H11*H$1+I11*I$1+J11*J$1+K11*K$1+L11*L$1+M11*M$1 -> 34.601977
A12: 21 | B12: 0 | C12: 1 | D12: 11.111111 | E12: 30 | F12: 0 | G12: 37.5 | H12: 37.931034 | I12: 60.377358 | J12: 46.666667 | K12: 0 | L12: 0 | M12: 35.714286 | N12: =D12*D$1+E12*E$1+F12*F$1+G12*G$1+H12*H$1+I12*I$1+J12*J$1+K12*K$1+L12*L$1+M12*M$1 -> 24.273356
A13: 22 | B13: 0 | C13: 0 | D13: 44.444444 | E13: 60 | F13: 0 | G13: 20.833333 | H13: 17.241379 | I13: 30.188679 | J13: 20 | K13: 44.444444 | L13: 0 | M13: 60.714286 | N13: =D13*D$1+E13*E$1+F13*F$1+G13*G$1+H13*H$1+I13*I$1+J13*J$1+K13*K$1+L13*L$1+M13*M$1 -> 27.280154
A14: 27 | B14: 1 | C14: 0 | D14: 44.444444 | E14: 60 | F14: 33.333333 | G14: 83.333333 | H14: 68.965517 | I14: 84.90566 | J14: 86.666667 | K14: 27.777778 | L14: 71.428571 | M14: 60.714286 | N14: =D14*D$1+E14*E$1+F14*F$1+G14*G$1+H14*H$1+I14*I$1+J14*J$1+K14*K$1+L14*L$1+M14*M$1 -> 63.346017
A15: 29 | B15: 0 | C15: 0 | D15: 77.777778 | E15: 50 | F15: 66.666667 | G15: 58.333333 | H15: 55.172414 | I15: 94.339623 | J15: 100 | K15: 72.222222 | L15: 50 | M15: 71.428571 | N15: =D15*D$1+E15*E$1+F15*F$1+G15*G$1+H15*H$1+I15*I$1+J15*J$1+K15*K$1+L15*L$1+M15*M$1 -> 68.621061
... A434: 553 | B434: 0 | C434: 0 | D434: 0 | E434: 0 | F434: 0 | G434: 0 | H434: 0 | I434: 3.7735849 | J434: 0 | K434: 0 | L434: 0 | M434: 10.714286 | N434: =D434*D$1+E434*E$1+F434*F$1+G434*G$1+H434*H$1+I434*I$1+J434*J$1+K434*K$1+L434*L$1+M434*M$1 -> 0.9894283

Sheet сервисы снос
A1: вес | D1: 0.11952894 | E1: 0.064877528 | F1: 0.068306371 | G1: 0.10098769 | H1: 0.078924482 | I1: 0.093684271 | J1: 0.094316156 | K1: 0.12479702 | L1: 0.16841142 | M1: 0.08616612 | P1: max | Q1: =MAX(N4:N434) -> 84.281597
P2: min | Q2: =MIN(N4:N434) -> 0
A3: id | B3: vosstanovleno | C3: sneseno | D3: school | E3: kindergarten | F3: polyclinic | G3: supermarket | H3: PVZ | I3: obshepit | J3: hotel | K3: BC | L3: bank | M3: stop | N3: int_s_service
A4: 1 | B4: 0 | C4: 0 | D4: 44.444444 | E4: 80 | F4: 33.333333 | G4: 66.666667 | H4: 68.965517 | I4: 100 | J4: 100 | K4: 33.333333 | L4: 78.571429 | M4: 53.571429 | N4: =D4*D$1+E4*E$1+F4*F$1+G4*G$1+H4*H$1+I4*I$1+J4*J$1+K4*K$1+L4*L$1+M4*M$1 -> 65.763371
A5: 2 | B5: 0 | C5: 0 | D5: 0 | E5: 0 | F5: 0 | G5: 0 | H5: 0 | I5: 1.8867925 | J5: 0 | K5: 5.5555556 | L5: 0 | M5: 3.5714286 | N5: =D5*D$1+E5*E$1+F5*F$1+G5*G$1+H5*H$1+I5*I$1+J5*J$1+K5*K$1+L5*L$1+M5*M$1 -> 1.1778157
A6: 3 | B6: 0 | C6: 0 | D6: 44.444444 | E6: 40 | F6: 0 | G6: 37.5 | H6: 31.034483 | I6: 100 | J6: 80 | K6: 27.777778 | L6: 14.285714 | M6: 42.857143 | N6: =D6*D$1+E6*E$1+F6*F$1+G6*G$1+H6*H$1+I6*I$1+J6*J$1+K6*K$1+L6*L$1+M6*M$1 -> 40.622932
A7: 5 | B7: 0 | C7: 0 | D7: 22.222222 | E7: 70 | F7: 0 | G7: 25 | H7: 17.241379 | I7: 100 | J7: 46.666667 | K7: 5.5555556 | L7: 21.428571 | M7: 32.142857 | N7: =D7*D$1+E7*E$1+F7*F$1+G7*G$1+H7*H$1+I7*I$1+J7*J$1+K7*K$1+L7*L$1+M7*M$1 -> 31.924691
A8: 6 | B8: 0 | C8: 0 | D8: 44.444444 | E8: 60 | F8: 0 | G8: 20.833333 | H8: 17.241379 | I8: 100 | J8: 60 | K8: 5.5555556 | L8: 21.428571 | M8: 32.142857 | N8: =D8*D$1+E8*E$1+F8*F$1+G8*G$1+H8*H$1+I8*I$1+J8*J$1+K8*K$1+L8*L$1+M8*M$1 -> 34.768881
A9: 7 | B9: 0 | C9: 0 | D9: 44.444444 | E9: 60 | F9: 0 | G9: 29.166667 | H9: 31.034483 | I9: 100 | J9: 86.666667 | K9: 22.222222 | L9: 21.428571 | M9: 28.571429 | N9: =D9*D$1+E9*E$1+F9*F$1+G9*G$1+H9*H$1+I9*I$1+J9*J$1+K9*K$1+L9*L$1+M9*M$1 -> 40.98637
A10: 17 | B10: 0 | C10: 0 | D10: 0 | E10: 0 | F10: 0 | G10: 12.5 | H10: 6.8965517 | I10: 67.924528 | J10: 6.6666667 | K10: 0 | L10: 0 | M10: 25 | N10: =D10*D$1+E10*E$1+F10*F$1+G10*G$1+H10*H$1+I10*I$1+J10*J$1+K10*K$1+L10*L$1+M10*M$1 -> 10.95304
A11: 20 | B11: 0 | C11: 0 | D11: 11.111111 | E11: 10 | F11: 33.333333 | G11: 37.5 | H11: 27.586207 | I11: 35.849057 | J11: 60 | K11: 72.222222 | L11: 21.428571 | M11: 57.142857 | N11: =D11*D$1+E11*E$1+F11*F$1+G11*G$1+H11*H$1+I11*I$1+J11*J$1+K11*K$1+L11*L$1+M11*M$1 -> 36.781194
A12: 21 | B12: 0 | C12: 1 | D12: 11.111111 | E12: 30 | F12: 0 | G12: 37.5 | H12: 37.931034 | I12: 60.377358 | J12: 46.666667 | K12: 0 | L12: 0 | M12: 35.714286 | N12: =D12*D$1+E12*E$1+F12*F$1+G12*G$1+H12*H$1+I12*I$1+J12*J$1+K12*K$1+L12*L$1+M12*M$1 -> 23.190342
A13: 22 | B13: 0 | C13: 0 | D13: 44.444444 | E13: 60 | F13: 0 | G13: 20.833333 | H13: 17.241379 | I13: 30.188679 | J13: 20 | K13: 44.444444 | L13: 0 | M13: 60.714286 | N13: =D13*D$1+E13*E$1+F13*F$1+G13*G$1+H13*H$1+I13*I$1+J13*J$1+K13*K$1+L13*L$1+M13*M$1 -> 28.162302
A14: 27 | B14: 1 | C14: 0 | D14: 44.444444 | E14: 60 | F14: 33.333333 | G14: 83.333333 | H14: 68.965517 | I14: 84.90566 | J14: 86.666667 | K14: 27.777778 | L14: 71.428571 | M14: 60.714286 | N14: =D14*D$1+E14*E$1+F14*F$1+G14*G$1+H14*H$1+I14*I$1+J14*J$1+K14*K$1+L14*L$1+M14*M$1 -> 62.196514
A15: 29 | B15: 0 | C15: 0 | D15: 77.777778 | E15: 50 | F15: 66.666667 | G15: 58.333333 | H15: 55.172414 | I15: 94.339623 | J15: 100 | K15: 72.222222 | L15: 50 | M15: 71.428571 | N15: =D15*D$1+E15*E$1+F15*F$1+G15*G$1+H15*H$1+I15*I$1+J15*J$1+K15*K$1+L15*L$1+M15*M$1 -> 69.197899
... A434: 553 | B434: 0 | C434: 0 | D434: 0 | E434: 0 | F434: 0 | G434: 0 | H434: 0 | I434: 3.7735849 | J434: 0 | K434: 0 | L434: 0 | M434: 10.714286 | N434: =D434*D$1+E434*E$1+F434*F$1+G434*G$1+H434*H$1+I434*I$1+J434*J$1+K434*K$1+L434*L$1+M434*M$1 -> 1.276734

Sheet веса сервисов
B3: Атрибут городского сервиса | C3: Весовой коэффициент | G3: Атрибуты нормализованных показателей | H3: Весовой коэффициент
C4: для потенциала ревитализации | D4: для потенциала сноса | H4: для потенциала ревитализации | I4: для потенциала сноса
B5: school | C5: 0.13143386 | D5: 0.11952894
B6: kindergarten | C6: 0.073070271 | D6: 0.064877528
B7: polyclinic | C7: 0.059453955 | D7: 0.068306371
B8: supermarket | C8: 0.10226343 | D8: 0.10098769
B9: PVZ | C9: 0.11770482 | D9: 0.078924482
B10: obshepit | C10: 0.097750954 | D10: 0.093684271
B11: hotel | C11: 0.093232717 | D11: 0.094316156
B12: BC | C12: 0.10265481 | D12: 0.12479702
B13: bank | C13: 0.16451655 | D13: 0.16841142
B14: stop | C14: 0.057918632 | D14: 0.08616612

Sheet потенциал восстановление
A1: вес для всех | D1: -0.17648172 | E1: 0.12451516 | F1: 0.088463961 | G1: 0.14524513 | H1: 0.1460004 | I1: 0.065128271 | J1: 0.25416535 | O1: на данных | P1: теоретический
A2: вес без формы | D2: -0.1887764 | E2: 0.13318957 | F2: 0.094626844 | G2: 0.1553637 | H2: 0.15617159 | J2: 0.2718719 | N2: max | O2: =MAX(K7:K437) -> 66.647988 | P2: =0*D$1+100*E$1+100*F$1+100*G$1+100*H$1+100*I$1+100*J$1 -> 82.351828 | Q2: =(P2-$P$3)/($P$2-$P$3)*100 -> 100 | R2: =MAX(O7:O437) -> 84.29616 | T2: =CORREL(B7:B437,O7:O437) -> 0.19637187 | V2: средний norm_int_v_potential для восстановленных | W2: минимальный norm_int_v_potential для восстановленных | AC2: средний norm_int_v_potential для снесённых | AD2: минимальный norm_int_v_potential для снесённых
A3: вес без бывшего назначения | D3: -0.19360915 | E3: 0.13659928 | G3: 0.15934107 | H3: 0.16016965 | I3: 0.071448926 | J3: 0.27883193 | N3: min | O3: =MIN(K7:K437) -> -6.3390447 | P3: =100*D$1+0*E$1+0*F$1+0*G$1+0*H$1+0*I$1+0*J$1 -> -17.648172 | Q3: =(P3-$P$3)/($P$2-$P$3)*100 -> 0 | R3: =MIN(O7:O437) -> 11.309127 | V3: =AVERAGE(W7:W45) -> 59.034686 | W3: =MIN(W7:W45) -> 20.14983 | AC3: =AVERAGE(AD7:AD47) -> 35.550211 | AD3: =MIN(AD7:AD47) -> 15.944573
A6: id | B6: vosstanovleno | C6: sneseno | D6: to_centre | E6: condition | F6: b_n | G6: zone | H6: floors | I6: complexity | J6: int_v_service | K6: int_v_potential | L6: int_v_potential_bez_complex | M6: int_v_potential_bez_bn | O6: norm_int_v_potential | T6: id | U6: vosstanovleno | V6: sneseno | W6: norm_int_v_potential | AA6: id | AB6: vosstanovleno | AC6: sneseno | AD6: norm_int_v_potential
A7: 1 | B7: 0 | C7: 0 | D7: 13.290938 | E7: 33.333333 | F7: 100 | G7: 75 | H7: 50 | I7: 100 | J7: 67.153339 | K7: =D7*D$1+E7*E$1+F7*F$1+G7*G$1+H7*H$1+I7*I$1+J7*J$1 -> 52.425578 | L7: =D7*D$2+E7*E$2+F7*F$2+G7*G$2+H7*H$2+J7*J$2 -> 49.111284 | M7: =D7*D$3+E7*E$3+G7*G$3+H7*H$3+I7*I$3+J7*J$3 -> 47.808512 | O7: =(K7-$P$3)/($P$2-$P$3)*100 -> 70.07375 | T7: 133 | U7: 1 | V7: 0 | W7: 84.29616 | AA7: 218 | AB7: 0 | AC7: 1 | AD7: 66.449742
A8: 2 | B8: 0 | C8: 0 | D8: 18.089782 | E8: 0 | F8: 0 | G8: 25 | H8: 33.333333 | I8: 33.333333 | J8: 0.96159254 | K8: =D8*D$1+E8*E$1+F8*F$1+G8*G$1+H8*H$1+I8*I$1+J8*J$1 -> 7.7206385 | L8: =D8*D$2+E8*E$2+F8*F$2+G8*G$2+H8*H$2+J8*J$2 -> 5.9363183 | M8: =D8*D$3+E8*E$3+G8*G$3+H8*H$3+I8*I$3+J8*J$3 -> 8.4699213 | O8: =(K8-$P$3)/($P$2-$P$3)*100 -> 25.36881 | T8: 131 | U8: 1 | V8: 0 | W8: 79.833038 | AA8: 207 | AB8: 0 | AC8: 1 | AD8: 57.450009
A9: 3 | B9: 0 | C9: 0 | D9: 8.9853887 | E9: 0 | F9: 100 | G9: 75 | H9: 33.333333 | I9: 33.333333 | J9: 41.169801 | K9: =D9*D$1+E9*E$1+F9*F$1+G9*G$1+H9*H$1+I9*I$1+J9*J$1 -> 35.655584 | L9: =D9*D$2+E9*E$2+F9*F$2+G9*G$2+H9*H$2+J9*J$2 -> 35.817364 | M9: =D9*D$3+E9*E$3+G9*G$3+H9*H$3+I9*I$3+J9*J$3 -> 29.411001 | O9: =(K9-$P$3)/($P$2-$P$3)*100 -> 53.303756 | T9: 30 | U9: 1 | V9: 0 | W9: 78.62369 | AA9: 21 | AB9: 0 | AC9: 1 | AD9: 56.916143
A10: 5 | B10: 0 | C10: 0 | D10: 9.4612068 | E10: 66.666667 | F10: 100 | G10: 75 | H10: 50 | I10: 66.666667 | J10: 32.704936 | K10: =D10*D$1+E10*E$1+F10*F$1+G10*G$1+H10*H$1+I10*I$1+J10*J$1 -> 46.325428 | L10: =D10*D$2+E10*E$2+F10*F$2+G10*G$2+H10*H$2+J10*J$2 -> 44.908346 | M10: =D10*D$3+E10*E$3+G10*G$3+H10*H$3+I10*I$3+J10*J$3 -> 41.116347 | O10: =(K10-$P$3)/($P$2-$P$3)*100 -> 63.9736 | T10: 170 | U10: 1 | V10: 0 | W10: 77.421613 | AA10: 461 | AB10: 0 | AC10: 1 | AD10: 55.92732
A11: 6 | B11: 0 | C11: 0 | D11: 9.7329039 | E11: 100 | F11: 100 | G11: 100 | H11: 33.333333 | I11: 100 | J11: 35.711991 | K11: =D11*D$1+E11*E$1+F11*F$1+G11*G$1+H11*H$1+I11*I$1+J11*J$1 -> 54.561004 | L11: =D11*D$2+E11*E$2+F11*F$2+G11*G$2+H11*H$2+J11*J$2 -> 51.395475 | M11: =D11*D$3+E11*E$3+G11*G$3+H11*H$3+I11*I$3+J11*J$3 -> 50.15118 | O11: =(K11-$P$3)/($P$2-$P$3)*100 -> 72.209176 | T11: 76 | U11: 1 | V11: 0 | W11: 76.047998 | AA11: 174 | AB11: 0 | AC11: 1 | AD11: 54.561048
A12: 7 | B12: 0 | C12: 0 | D12: 10.591467 | E12: 33.333333 | F12: 100 | G12: 100 | H12: 33.333333 | I12: 100 | J12: 42.177968 | K12: =D12*D$1+E12*E$1+F12*F$1+G12*G$1+H12*H$1+I12*I$1+J12*J$1 -> 47.751899 | L12: =D12*D$2+E12*E$2+F12*F$2+G12*G$2+H12*H$2+J12*J$2 -> 44.112011 | M12: =D12*D$3+E12*E$3+G12*G$3+H12*H$3+I12*I$3+J12*J$3 -> 42.681256 | O12: =(K12-$P$3)/($P$2-$P$3)*100 -> 65.400071 | T12: 77 | U12: 1 | V12: 0 | W12: 75.785716 | AA12: 179 | AB12: 0 | AC12: 1 | AD12: 51.848478
A13: 17 | B13: 0 | C13: 0 | D13: 24.152582 | E13: 66.666667 | F13: 100 | G13: 75 | H13: 33.333333 | I13: 0 | J13: 10.799255 | K13: =D13*D$1+E13*E$1+F13*F$1+G13*G$1+H13*H$1+I13*I$1+J13*J$1 -> 31.389779 | L13: =D13*D$2+E13*E$2+F13*F$2+G13*G$2+H13*H$2+J13*J$2 -> 33.576563 | M13: =D13*D$3+E13*E$3+G13*G$3+H13*H$3+I13*I$3+J13*J$3 -> 24.731203 | O13: =(K13-$P$3)/($P$2-$P$3)*100 -> 49.037951 | T13: 126 | U13: 1 | V13: 0 | W13: 75.598036 | AA13: 452 | AB13: 0 | AC13: 1 | AD13: 51.145999
A14: 20 | B14: 0 | C14: 0 | D14: 18.726008 | E14: 33.333333 | F14: 100 | G14: 75 | H14: 50 | I14: 66.666667 | J14: 34.601977 | K14: =D14*D$1+E14*E$1+F14*F$1+G14*G$1+H14*H$1+I14*I$1+J14*J$1 -> 41.022017 | L14: =D14*D$2+E14*E$2+F14*F$2+G14*G$2+H14*H$2+J14*J$2 -> 39.235471 | M14: =D14*D$3+E14*E$3+G14*G$3+H14*H$3+I14*I$3+J14*J$3 -> 35.298243 | O14: =(K14-$P$3)/($P$2-$P$3)*100 -> 58.670189 | T14: 85 | U14: 1 | V14: 0 | W14: 73.409557 | AA14: 55 | AB14: 0 | AC14: 1 | AD14: 50.450788
A15: 21 | B15: 0 | C15: 1 | D15: 23.148184 | E15: 0 | F15: 100 | G15: 100 | H15: 50 | I15: 100 | J15: 24.273356 | K15: =D15*D$1+E15*E$1+F15*F$1+G15*G$1+H15*H$1+I15*I$1+J15*J$1 -> 39.267971 | L15: =D15*D$2+E15*E$2+F15*F$2+G15*G$2+H15*H$2+J15*J$2 -> 35.037046 | M15: =D15*D$3+E15*E$3+G15*G$3+H15*H$3+I15*I$3+J15*J$3 -> 33.373968 | O15: =(K15-$P$3)/($P$2-$P$3)*100 -> 56.916143 | T15: 125 | U15: 1 | V15: 0 | W15: 72.650292 | AA15: 476 | AB15: 0 | AC15: 1 | AD15: 48.977312
A16: 22 | B16: 0 | C16: 0 | D16: 17.88556 | E16: 100 | F16: 100 | G16: 75 | H16: 66.666667 | I16: 0 | J16: 27.280154 | K16: =D16*D$1+E16*E$1+F16*F$1+G16*G$1+H16*H$1+I16*I$1+J16*J$1 -> 45.701853 | L16: =D16*D$2+E16*E$2+F16*F$2+G16*G$2+H16*H$2+J16*J$2 -> 48.885694 | M16: =D16*D$3+E16*E$3+G16*G$3+H16*H$3+I16*I$3+J16*J$3 -> 40.432254 | O16: =(K16-$P$3)/($P$2-$P$3)*100 -> 63.350025 | T16: 177 | U16: 1 | V16: 0 | W16: 72.361848 | AA16: 409 | AB16: 0 | AC16: 1 | AD16: 47.717261
A17: 27 | B17: 1 | C17: 0 | D17: 14.867056 | E17: 66.666667 | F17: 100 | G17: 100 | H17: 33.333333 | I17: 33.333333 | J17: 63.346017 | K17: =D17*D$1+E17*E$1+F17*F$1+G17*G$1+H17*H$1+I17*I$1+J17*J$1 -> 52.186142 | L17: =D17*D$2+E17*E$2+F17*F$2+G17*G$2+H17*H$2+J17*J$2 -> 53.499531 | M17: =D17*D$3+E17*E$3+G17*G$3+H17*H$3+I17*I$3+J17*J$3 -> 47.545839 | O17: =(K17-$P$3)/($P$2-$P$3)*100 -> 69.834314 | T17: 74 | U17: 1 | V17: 0 | W17: 70.807726 | AA17: 550 | AB17: 0 | AC17: 1 | AD17: 43.068741
A18: 29 | B18: 0 | C18: 0 | D18: 12.122567 | E18: 66.666667 | F18: 100 | G18: 100 | H18: 33.333333 | I18: 66.666667 | J18: 68.621061 | K18: =D18*D$1+E18*E$1+F18*F$1+G18*G$1+H18*H$1+I18*I$1+J18*J$1 -> 56.182169 | L18: =D18*D$2+E18*E$2+F18*F$2+G18*G$2+H18*H$2+J18*J$2 -> 55.451762 | M18: =D18*D$3+E18*E$3+G18*G$3+H18*H$3+I18*I$3+J18*J$3 -> 51.929678 | O18: =(K18-$P$3)/($P$2-$P$3)*100 -> 73.830341 | T18: 27 | U18: 1 | V18: 0 | W18: 69.834314 | AA18: 450 | AB18: 0 | AC18: 1 | AD18: 42.796039
... A45: 74 | B45: 1 | C45: 0 | D45: 12.382192 | E45: 66.666667 | F45: 100 | G45: 100 | H45: 83.333333 | I45: 66.666667 | J45: 28.187474 | K45: =D45*D$1+E45*E$1+F45*F$1+G45*G$1+H45*H$1+I45*I$1+J45*J$1 -> 53.159554 | L45: =D45*D$2+E45*E$2+F45*F$2+G45*G$2+H45*H$2+J45*J$2 -> 52.218575 | M45: =D45*D$3+E45*E$3+G45*G$3+H45*H$3+I45*I$3+J45*J$3 -> 48.61372 | O45: =(K45-$P$3)/($P$2-$P$3)*100 -> 70.807726 | T45: 370 | U45: 1 | V45: 0 | W45: 20.14983 | AA45: 469 | AB45: 0 | AC45: 1 | AD45: 19.283687
A46: 75 | B46: 0 | C46: 0 | D46: 11.606239 | E46: 33.333333 | F46: 100 | G46: 100 | H46: 100 | I46: 100 | J46: 64.380835 | K46: =D46*D$1+E46*E$1+F46*F$1+G46*G$1+H46*H$1+I46*I$1+J46*J$1 -> 62.949371 | L46: =D46*D$2+E46*E$2+F46*F$2+G46*G$2+H46*H$2+J46*J$2 -> 60.368221 | M46: =D46*D$3+E46*E$3+G46*G$3+H46*H$3+I46*I$3+J46*J$3 -> 59.353632 | O46: =(K46-$P$3)/($P$2-$P$3)*100 -> 80.597543 | AA46: 468 | AB46: 0 | AC46: 1 | AD46: 19.227655
A47: 76 | B47: 1 | C47: 0 | D47: 11.605626 | E47: 100 | F47: 100 | G47: 100 | H47: 66.666667 | I47: 0 | J47: 58.592648 | K47: =D47*D$1+E47*E$1+F47*F$1+G47*G$1+H47*H$1+I47*I$1+J47*J$1 -> 58.399826 | L47: =D47*D$2+E47*E$2+F47*F$2+G47*G$2+H47*H$2+J47*J$2 -> 62.468277 | M47: =D47*D$3+E47*E$3+G47*G$3+H47*H$3+I47*I$3+J47*J$3 -> 54.362557 | O47: =(K47-$P$3)/($P$2-$P$3)*100 -> 76.047998 | AA47: 386 | AB47: 0 | AC47: 1 | AD47: 15.944573
A48: 77 | B48: 1 | C48: 0 | D48: 14.214381 | E48: 33.333333 | F48: 100 | G48: 100 | H48: 83.333333 | I48: 33.333333 | J48: 73.916704 | K48: =D48*D$1+E48*E$1+F48*F$1+G48*G$1+H48*H$1+I48*I$1+J48*J$1 -> 58.137544 | L48: =D48*D$2+E48*E$2+F48*F$2+G48*G$2+H48*H$2+J48*J$2 -> 59.865541 | M48: =D48*D$3+E48*E$3+G48*G$3+H48*H$3+I48*I$3+J48*J$3 -> 54.074821 | O48: =(K48-$P$3)/($P$2-$P$3)*100 -> 75.785716
A49: 79 | B49: 0 | C49: 0 | D49: 14.524207 | E49: 66.666667 | F49: 0 | G49: 25 | H49: 66.666667 | I49: 0 | J49: 36.854282 | K49: =D49*D$1+E49*E$1+F49*F$1+G49*G$1+H49*H$1+I49*I$1+J49*J$1 -> 28.469324 | L49: =D49*D$2+E49*E$2+F49*F$2+G49*G$2+H49*H$2+J49*J$2 -> 30.452652 | M49: =D49*D$3+E49*E$3+G49*G$3+H49*H$3+I49*I$3+J49*J$3 -> 31.232253 | O49: =(K49-$P$3)/($P$2-$P$3)*100 -> 46.117496
A50: 81 | B50: 1 | C50: 0 | D50: 12.820457 | E50: 66.666667 | F50: 100 | G50: 75 | H50: 50 | I50: 0 | J50: 39.507498 | K50: =D50*D$1+E50*E$1+F50*F$1+G50*G$1+H50*H$1+I50*I$1+J50*J$1 -> 43.119673 | L50: =D50*D$2+E50*E$2+F50*F$2+G50*G$2+H50*H$2+J50*J$2 -> 46.123625 | M50: =D50*D$3+E50*E$3+G50*G$3+H50*H$3+I50*I$3+J50*J$3 -> 37.599475 | O50: =(K50-$P$3)/($P$2-$P$3)*100 -> 60.767845
A51: 85 | B51: 1 | C51: 0 | D51: 18.669771 | E51: 100 | F51: 100 | G51: 100 | H51: 50 | I51: 33.333333 | J51: 54.149279 | K51: =D51*D$1+E51*E$1+F51*F$1+G51*G$1+H51*H$1+I51*I$1+J51*J$1 -> 55.761385 | L51: =D51*D$2+E51*E$2+F51*F$2+G51*G$2+H51*H$2+J51*J$2 -> 57.323846 | M51: =D51*D$3+E51*E$3+G51*G$3+H51*H$3+I51*I$3+J51*J$3 -> 51.468057 | O51: =(K51-$P$3)/($P$2-$P$3)*100 -> 73.409557
A52: 87 | B52: 0 | C52: 0 | D52: 19.371387 | E52: 100 | F52: 0 | G52: 100 | H52: 33.333333 | I52: 33.333333 | J52: 46.573257 | K52: =D52*D$1+E52*E$1+F52*F$1+G52*G$1+H52*H$1+I52*I$1+J52*J$1 -> 42.432264 | L52: =D52*D$2+E52*E$2+F52*F$2+G52*G$2+H52*H$2+J52*J$2 -> 43.066146 | M52: =D52*D$3+E52*E$3+G52*G$3+H52*H$3+I52*I$3+J52*J$3 -> 46.550287 | O52: =(K52-$P$3)/($P$2-$P$3)*100 -> 60.080436
A53: 90 | B53: 0 | C53: 0 | D53: 20.987006 | E53: 0 | F53: 100 | G53: 100 | H53: 33.333333 | I53: 0 | J53: 24.69175 | K53: =D53*D$1+E53*E$1+F53*F$1+G53*G$1+H53*H$1+I53*I$1+J53*J$1 -> 30.809554 | L53: =D53*D$2+E53*E$2+F53*F$2+G53*G$2+H53*H$2+J53*J$2 -> 32.955916 | M53: =D53*D$3+E53*E$3+G53*G$3+H53*H$3+I53*I$3+J53*J$3 -> 24.094667 | O53: =(K53-$P$3)/($P$2-$P$3)*100 -> 48.457726
A54: 92 | B54: 0 | C54: 0 | D54: 21.359948 | E54: 33.333333 | F54: 100 | G54: 100 | H54: 33.333333 | I54: 33.333333 | J54: 22.738952 | K54: =D54*D$1+E54*E$1+F54*F$1+G54*G$1+H54*H$1+I54*I$1+J54*J$1 -> 36.56885 | L54: =D54*D$2+E54*E$2+F54*F$2+G54*G$2+H54*H$2+J54*J$2 -> 36.794254 | M54: =D54*D$3+E54*E$3+G54*G$3+H54*H$3+I54*I$3+J54*J$3 -> 30.4129 | O54: =(K54-$P$3)/($P$2-$P$3)*100 -> 54.217022
A55: 96 | B55: 0 | C55: 0 | D55: 13.02666 | E55: 100 | F55: 100 | G55: 100 | H55: 50 | I55: 33.333333 | J55: 62.098784 | K55: =D55*D$1+E55*E$1+F55*F$1+G55*G$1+H55*H$1+I55*I$1+J55*J$1 -> 58.77778 | L55: =D55*D$2+E55*E$2+F55*F$2+G55*G$2+H55*H$2+J55*J$2 -> 60.550379 | M55: =D55*D$3+E55*E$3+G55*G$3+H55*H$3+I55*I$3+J55*J$3 -> 54.777191 | O55: =(K55-$P$3)/($P$2-$P$3)*100 -> 76.425952
A56: 97 | B56: 0 | C56: 0 | D56: 13.189078 | E56: 66.666667 | F56: 100 | G56: 100 | H56: 50 | I56: 33.333333 | J56: 58.317333 | K56: =D56*D$1+E56*E$1+F56*F$1+G56*G$1+H56*H$1+I56*I$1+J56*J$1 -> 53.637497 | L56: =D56*D$2+E56*E$2+F56*F$2+G56*G$2+H56*H$2+J56*J$2 -> 55.051996 | M56: =D56*D$3+E56*E$3+G56*G$3+H56*H$3+I56*I$3+J56*J$3 -> 49.138047 | O56: =(K56-$P$3)/($P$2-$P$3)*100 -> 71.285669
A57: 98 | B57: 0 | C57: 0 | D57: 14.36132 | E57: 0 | F57: 100 | G57: 100 | H57: 33.333333 | I57: 66.666667 | J57: 60.21789 | K57: =D57*D$1+E57*E$1+F57*F$1+G57*G$1+H57*H$1+I57*I$1+J57*J$1 -> 45.350265 | L57: =D57*D$2+E57*E$2+F57*F$2+G57*G$2+H57*H$2+J57*J$2 -> 43.865248 | M57: =D57*D$3+E57*E$3+G57*G$3+H57*H$3+I57*I$3+J57*J$3 -> 40.046545 | O57: =(K57-$P$3)/($P$2-$P$3)*100 -> 62.998437
A58: 100 | B58: 0 | C58: 0 | D58: 14.438552 | E58: 66.666667 | F58: 100 | G58: 100 | H58: 100 | I58: 0 | J58: 56.008206 | K58: =D58*D$1+E58*E$1+F58*F$1+G58*G$1+H58*H$1+I58*I$1+J58*J$1 -> 57.959165 | L58: =D58*D$2+E58*E$2+F58*F$2+G58*G$2+H58*H$2+J58*J$2 -> 61.996917 | M58: =D58*D$3+E58*E$3+G58*G$3+H58*H$3+I58*I$3+J58*J$3 -> 53.87913 | O58: =(K58-$P$3)/($P$2-$P$3)*100 -> 75.607337
A59: 103 | B59: 0 | C59: 0 | D59: 17.987659 | E59: 66.666667 | F59: 0 | G59: 100 | H59: 33.333333 | I59: 0 | J59: 37.170168 | K59: =D59*D$1+E59*E$1+F59*F$1+G59*G$1+H59*H$1+I59*I$1+J59*J$1 -> 33.96508 | L59: =D59*D$2+E59*E$2+F59*F$2+G59*G$2+H59*H$2+J59*J$2 -> 36.331273 | M59: =D59*D$3+E59*E$3+G59*G$3+H59*H$3+I59*I$3+J59*J$3 -> 37.261368 | O59: =(K59-$P$3)/($P$2-$P$3)*100 -> 51.613252
... A437: 553 | B437: 0 | C437: 0 | D437: 41.937022 | E437: 33.333333 | F437: 0 | G437: 75 | H437: 16.666667 | I437: 66.666667 | J437: 0.9894283 | K437: =D437*D$1+E437*E$1+F437*F$1+G437*G$1+H437*H$1+I437*I$1+J437*J$1 -> 14.669476 | L437: =D437*D$2+E437*E$2+F437*F$2+G437*G$2+H437*H$2+J437*J$2 -> 11.047067 | M437: =D437*D$3+E437*E$3+G437*G$3+H437*H$3+I437*I$3+J437*J$3 -> 16.093138 | O437: =(K437-$P$3)/($P$2-$P$3)*100 -> 32.317648

Sheet потенциал снос
A1: вес для всех | D1: 0.099821352 | E1: -0.083162856 | F1: -0.13201005 | G1: -0.053951594 | H1: -0.091442745 | I1: -0.1056882 | J1: -0.12726155 | K1: -0.062128677 | L1: -0.24453297 | Q1: на данных | R1: теоретический
A2: вес без формы | D2: 0.10643395 | E2: -0.088671926 | F2: -0.14075497 | G2: -0.057525582 | H2: -0.09750031 | I2: -0.11268945 | J2: -0.13569191 | L2: -0.2607319 | P2: max | Q2: =MAX(M7:M437) -> 2.4073829 | R2: =100*D$1+0*E$1+0*F$1+0*G$1+0*H$1+0*I$1+0*J$1+0*K$1+0*L$1 -> 9.9821352 | S2: =(R2-$R$3)/($R$2-$R$3)*100 -> 100 | T2: =MAX(Q7:Q437) -> 92.425248 | V2: =CORREL(C7:C437,Q7:Q437) -> 0.28949058 | X2: средний norm_int_s_potential для снесённых | Y2: минимальный norm_int_s_potential для снесённых | AE2: средний norm_int_s_potential для восстановленных | AF2: минимальный norm_int_s_potential длявосстановленных
A3: вес без бывшего назначения | D3: 0.105514 | E3: -0.087905498 | F3: -0.13953836 | H3: -0.096657575 | I3: -0.11171543 | J3: -0.13451907 | K3: -0.065671774 | L3: -0.25847829 | P3: min | Q3: =MIN(M7:M437) -> -72.855727 | R3: =0*D$1+100*E$1+100*F$1+100*G$1+100*H$1+100*I$1+100*J$1+100*K$1+100*L$1 -> -90.017865 | S3: =(R3-$R$3)/($R$2-$R$3)*100 -> 0 | T3: =MIN(Q7:Q437) -> 17.162138 | X3: =AVERAGE(Y7:Y47) -> 74.18726 | Y3: =MIN(Y7:Y47) -> 50.222301 | AE3: =AVERAGE(AF7:AF47) -> 52.701114 | AF3: =MIN(AF7:AF47) -> 19.588542
A6: id | B6: vosstanovleno | C6: sneseno | D6: to_centre | E6: condition | F6: value | G6: b_n | H6: zone | I6: floors | J6: s_base | K6: complexity | L6: int_s_service | M6: int_s_potential | N6: int_s_potential_bez_complex | O6: int_s_potential_bez_bn | Q6: norm_int_s_potential | V6: id | W6: vosstanovleno | X6: sneseno | Y6: norm_int_s_potential | AC6: id | AD6: vosstanovleno | AE6: sneseno | AF6: norm_int_s_potential
A7: 1 | B7: 0 | C7: 0 | D7: 13.290938 | E7: 33.333333 | F7: 100 | G7: 100 | H7: 75 | I7: 50 | J7: 32.623705 | K7: 100 | L7: 65.763371 | M7: =D7*D$1+E7*E$1+F7*F$1+G7*G$1+H7*H$1+I7*I$1+J7*J$1+K7*K$1+L7*L$1 -> -58.63008 | N7: =D7*D$2+E7*E$2+F7*F$2+G7*G$2+H7*H$2+I7*I$2+J7*J$2+L7*L$2 -> -55.889556 | O7: =D7*D$3+E7*E$3+F7*F$3+H7*H$3+I7*I$3+J7*J$3+K7*K$3+L7*L$3 -> -56.270821 | Q7: =(M7-$R$3)/($R$2-$R$3)*100 -> 31.387785 | V7: 386 | W7: 0 | X7: 1 | Y7: 88.101902 | AC7: 304 | AD7: 1 | AE7: 0 | AF7: 84.971981
A8: 2 | B8: 0 | C8: 0 | D8: 18.089782 | E8: 0 | F8: 100 | G8: 0 | H8: 25 | I8: 33.333333 | J8: 100 | K8: 33.333333 | L8: 1.1778157 | M8: =D8*D$1+E8*E$1+F8*F$1+G8*G$1+H8*H$1+I8*I$1+J8*J$1+K8*K$1+L8*L$1 -> -32.289393 | N8: =D8*D$2+E8*E$2+F8*F$2+G8*G$2+H8*H$2+I8*I$2+J8*J$2+L8*L$2 -> -32.220238 | O8: =D8*D$3+E8*E$3+F8*F$3+H8*H$3+I8*I$3+J8*J$3+K8*K$3+L8*L$3 -> -34.130804 | Q8: =(M8-$R$3)/($R$2-$R$3)*100 -> 57.728472 | V8: 470 | W8: 0 | X8: 1 | Y8: 87.852979 | AC8: 548 | AD8: 1 | AE8: 0 | AF8: 75.211543
A9: 3 | B9: 0 | C9: 0 | D9: 8.9853887 | E9: 0 | F9: 0 | G9: 100 | H9: 75 | I9: 33.333333 | J9: 5.4372842 | K9: 33.333333 | L9: 40.622932 | M9: =D9*D$1+E9*E$1+F9*F$1+G9*G$1+H9*H$1+I9*I$1+J9*J$1+K9*K$1+L9*L$1 -> -27.575931 | N9: =D9*D$2+E9*E$2+F9*F$2+G9*G$2+H9*H$2+I9*I$2+J9*J$2+L9*L$2 -> -27.194536 | O9: =D9*D$3+E9*E$3+F9*F$3+H9*H$3+I9*I$3+J9*J$3+K9*K$3+L9*L$3 -> -23.445705 | Q9: =(M9-$R$3)/($R$2-$R$3)*100 -> 62.441934 | V9: 469 | W9: 0 | X9: 1 | Y9: 86.997932 | AC9: 437 | AD9: 1 | AE9: 0 | AF9: 70.842239
A10: 5 | B10: 0 | C10: 0 | D10: 9.4612068 | E10: 66.666667 | F10: 100 | G10: 100 | H10: 75 | I10: 50 | J10: 18.555811 | K10: 66.666667 | L10: 31.924691 | M10: =D10*D$1+E10*E$1+F10*F$1+G10*G$1+H10*H$1+I10*I$1+J10*J$1+K10*K$1+L10*L$1 -> -49.648533 | N10: =D10*D$2+E10*E$2+F10*F$2+G10*G$2+H10*H$2+I10*I$2+J10*J$2+L10*L$2 -> -48.521178 | O10: =D10*D$3+E10*E$3+F10*F$3+H10*H$3+I10*I$3+J10*J$3+K10*K$3+L10*L$3 -> -46.777071 | Q10: =(M10-$R$3)/($R$2-$R$3)*100 -> 40.369332 | V10: 468 | W10: 0 | X10: 1 | Y10: 86.798972 | AC10: 370 | AD10: 1 | AE10: 0 | AF10: 70.771998
A11: 6 | B11: 0 | C11: 0 | D11: 9.7329039 | E11: 100 | F11: 100 | G11: 100 | H11: 100 | I11: 33.333333 | J11: 37.16916 | K11: 100 | L11: 34.768881 | M11: =D11*D$1+E11*E$1+F11*F$1+G11*G$1+H11*H$1+I11*I$1+J11*J$1+K11*K$1+L11*L$1 -> -58.053323 | N11: =D11*D$2+E11*E$2+F11*F$2+G11*G$2+H11*H$2+I11*I$2+J11*J$2+L11*L$2 -> -55.274593 | O11: =D11*D$3+E11*E$3+F11*F$3+H11*H$3+I11*I$3+J11*J$3+K11*K$3+L11*L$3 -> -55.661173 | Q11: =(M11-$R$3)/($R$2-$R$3)*100 -> 31.964542 | V11: 473 | W11: 0 | X11: 1 | Y11: 85.92306 | AC11: 547 | AD11: 1 | AE11: 0 | AF11: 70.075806
A12: 7 | B12: 0 | C12: 0 | D12: 10.591467 | E12: 33.333333 | F12: 0 | G12: 100 | H12: 100 | I12: 33.333333 | J12: 26.294591 | K12: 100 | L12: 40.98637 | M12: =D12*D$1+E12*E$1+F12*F$1+G12*G$1+H12*H$1+I12*I$1+J12*J$1+K12*K$1+L12*L$1 -> -39.358892 | N12: =D12*D$2+E12*E$2+F12*F$2+G12*G$2+H12*H$2+I12*I$2+J12*J$2+L12*L$2 -> -35.341761 | O12: =D12*D$3+E12*E$3+F12*F$3+H12*H$3+I12*I$3+J12*J$3+K12*K$3+L12*L$3 -> -35.900629 | Q12: =(M12-$R$3)/($R$2-$R$3)*100 -> 50.658973 | V12: 471 | W12: 0 | X12: 1 | Y12: 85.627984 | AC12: 240 | AD12: 1 | AE12: 0 | AF12: 70.023525
A13: 17 | B13: 0 | C13: 0 | D13: 24.152582 | E13: 66.666667 | F13: 0 | G13: 100 | H13: 75 | I13: 33.333333 | J13: 3.9988493 | K13: 0 | L13: 10.95304 | M13: =D13*D$1+E13*E$1+F13*F$1+G13*G$1+H13*H$1+I13*I$1+J13*J$1+K13*K$1+L13*L$1 -> -22.096832 | N13: =D13*D$2+E13*E$2+F13*F$2+G13*G$2+H13*H$2+I13*I$2+J13*J$2+L13*L$2 -> -23.560622 | O13: =D13*D$3+E13*E$3+F13*F$3+H13*H$3+I13*I$3+J13*J$3+K13*K$3+L13*L$3 -> -17.654141 | Q13: =(M13-$R$3)/($R$2-$R$3)*100 -> 67.921033 | V13: 345 | W13: 0 | X13: 1 | Y13: 85.431479 | AC13: 216 | AD13: 1 | AE13: 0 | AF13: 66.911198
A14: 20 | B14: 0 | C14: 0 | D14: 18.726008 | E14: 33.333333 | F14: 100 | G14: 100 | H14: 75 | I14: 50 | J14: 37.715765 | K14: 66.666667 | L14: 36.781194 | M14: =D14*D$1+E14*E$1+F14*F$1+G14*G$1+H14*H$1+I14*I$1+J14*J$1+K14*K$1+L14*L$1 -> -49.577513 | N14: =D14*D$2+E14*E$2+F14*F$2+G14*G$2+H14*H$2+I14*I$2+J14*J$2+L14*L$2 -> -48.445453 | O14: =D14*D$3+E14*E$3+F14*F$3+H14*H$3+I14*I$3+J14*J$3+K14*K$3+L14*L$3 -> -46.702001 | Q14: =(M14-$R$3)/($R$2-$R$3)*100 -> 40.440352 | V14: 394 | W14: 0 | X14: 1 | Y14: 85.274318 | AC14: 449 | AD14: 1 | AE14: 0 | AF14: 65.634789
A15: 21 | B15: 0 | C15: 1 | D15: 23.148184 | E15: 0 | F15: 0 | G15: 100 | H15: 100 | I15: 50 | J15: 11.50748 | K15: 100 | L15: 23.190342 | M15: =D15*D$1+E15*E$1+F15*F$1+G15*G$1+H15*H$1+I15*I$1+J15*J$1+K15*K$1+L15*L$1 -> -30.861292 | N15: =D15*D$2+E15*E$2+F15*F$2+G15*G$2+H15*H$2+I15*I$2+J15*J$2+L15*L$2 -> -26.281243 | O15: =D15*D$3+E15*E$3+F15*F$3+H15*H$3+I15*I$3+J15*J$3+K15*K$3+L15*L$3 -> -26.918424 | Q15: =(M15-$R$3)/($R$2-$R$3)*100 -> 59.156573 | V15: 472 | W15: 0 | X15: 1 | Y15: 84.187675 | AC15: 496 | AD15: 1 | AE15: 0 | AF15: 64.042244
A16: 22 | B16: 0 | C16: 0 | D16: 17.88556 | E16: 100 | F16: 0 | G16: 100 | H16: 75 | I16: 66.666667 | J16: 26.783659 | K16: 0 | L16: 28.162302 | M16: =D16*D$1+E16*E$1+F16*F$1+G16*G$1+H16*H$1+I16*I$1+J16*J$1+K16*K$1+L16*L$1 -> -36.125312 | N16: =D16*D$2+E16*E$2+F16*F$2+G16*G$2+H16*H$2+I16*I$2+J16*J$2+L16*L$2 -> -38.51841 | O16: =D16*D$3+E16*E$3+F16*F$3+H16*H$3+I16*I$3+J16*J$3+K16*K$3+L16*L$3 -> -32.482643 | Q16: =(M16-$R$3)/($R$2-$R$3)*100 -> 53.892553 | V16: 305 | W16: 0 | X16: 1 | Y16: 83.591557 | AC16: 239 | AD16: 1 | AE16: 0 | AF16: 62.994525
A17: 27 | B17: 1 | C17: 0 | D17: 14.867056 | E17: 66.666667 | F17: 100 | G17: 100 | H17: 100 | I17: 33.333333 | J17: 7.8826237 | K17: 33.333333 | L17: 62.196514 | M17: =D17*D$1+E17*E$1+F17*F$1+G17*G$1+H17*H$1+I17*I$1+J17*J$1+K17*K$1+L17*L$1 -> -53.606729 | N17: =D17*D$2+E17*E$2+F17*F$2+G17*G$2+H17*H$2+I17*I$2+J17*J$2+L17*L$2 -> -54.949727 | O17: =D17*D$3+E17*E$3+F17*F$3+H17*H$3+I17*I$3+J17*J$3+K17*K$3+L17*L$3 -> -50.960996 | Q17: =(M17-$R$3)/($R$2-$R$3)*100 -> 36.411136 | V17: 408 | W17: 0 | X17: 1 | Y17: 81.324571 | AC17: 155 | AD17: 1 | AE17: 0 | AF17: 60.829269
A18: 29 | B18: 0 | C18: 0 | D18: 12.122567 | E18: 66.666667 | F18: 100 | G18: 100 | H18: 100 | I18: 33.333333 | J18: 11.018412 | K18: 66.666667 | L18: 69.197899 | M18: =D18*D$1+E18*E$1+F18*F$1+G18*G$1+H18*H$1+I18*I$1+J18*J$1+K18*K$1+L18*L$1 -> -58.062778 | N18: =D18*D$2+E18*E$2+F18*F$2+G18*G$2+H18*H$2+I18*I$2+J18*J$2+L18*L$2 -> -57.492819 | O18: =D18*D$3+E18*E$3+F18*F$3+H18*H$3+I18*I$3+J18*J$3+K18*K$3+L18*L$3 -> -55.671167 | Q18: =(M18-$R$3)/($R$2-$R$3)*100 -> 31.955087 | V18: 530 | W18: 0 | X18: 1 | Y18: 81.261221 | AC18: 191 | AD18: 1 | AE18: 0 | AF18: 59.907794
... A45: 74 | B45: 1 | C45: 0 | D45: 12.382192 | E45: 66.666667 | F45: 0 | G45: 100 | H45: 100 | I45: 83.333333 | J45: 10.18412 | K45: 66.666667 | L45: 30.467218 | M45: =D45*D$1+E45*E$1+F45*F$1+G45*G$1+H45*H$1+I45*I$1+J45*J$1+K45*K$1+L45*L$1 -> -40.543166 | N45: =D45*D$2+E45*E$2+F45*F$2+G45*G$2+H45*H$2+I45*I$2+J45*J$2+L45*L$2 -> -38.812631 | O45: =D45*D$3+E45*E$3+F45*F$3+H45*H$3+I45*I$3+J45*J$3+K45*K$3+L45*L$3 -> -37.15244 | Q45: =(M45-$R$3)/($R$2-$R$3)*100 -> 49.474699 | V45: 21 | W45: 0 | X45: 1 | Y45: 59.156573 | AC45: 170 | AD45: 1 | AE45: 0 | AF45: 19.588542
A46: 75 | B46: 0 | C46: 0 | D46: 11.606239 | E46: 33.333333 | F46: 0 | G46: 100 | H46: 100 | I46: 100 | J46: 48.906789 | K46: 100 | L46: 63.911216 | M46: =D46*D$1+E46*E$1+F46*F$1+G46*G$1+H46*H$1+I46*I$1+J46*J$1+K46*K$1+L46*L$1 -> -54.78702 | N46: =D46*D$2+E46*E$2+F46*F$2+G46*G$2+H46*H$2+I46*I$2+J46*J$2+L46*L$2 -> -51.791916 | O46: =D46*D$3+E46*E$3+F46*F$3+H46*H$3+I46*I$3+J46*J$3+K46*K$3+L46*L$3 -> -52.208598 | Q46: =(M46-$R$3)/($R$2-$R$3)*100 -> 35.230844 | V46: 250 | W46: 0 | X46: 1 | Y46: 58.945105
A47: 76 | B47: 1 | C47: 0 | D47: 11.605626 | E47: 100 | F47: 0 | G47: 100 | H47: 100 | I47: 66.666667 | J47: 8.0264672 | K47: 0 | L47: 56.598333 | M47: =D47*D$1+E47*E$1+F47*F$1+G47*G$1+H47*H$1+I47*I$1+J47*J$1+K47*K$1+L47*L$1 -> -43.60473 | N47: =D47*D$2+E47*E$2+F47*F$2+G47*G$2+H47*H$2+I47*I$2+J47*J$2+L47*L$2 -> -46.493297 | O47: =D47*D$3+E47*E$3+F47*F$3+H47*H$3+I47*I$3+J47*J$3+K47*K$3+L47*L$3 -> -40.3886 | Q47: =(M47-$R$3)/($R$2-$R$3)*100 -> 46.413135 | V47: 218 | W47: 0 | X47: 1 | Y47: 50.222301
A48: 77 | B48: 1 | C48: 0 | D48: 14.214381 | E48: 33.333333 | F48: 0 | G48: 100 | H48: 100 | I48: 83.333333 | J48: 17.174914 | K48: 33.333333 | L48: 74.039308 | M48: =D48*D$1+E48*E$1+F48*F$1+G48*G$1+H48*H$1+I48*I$1+J48*J$1+K48*K$1+L48*L$1 -> -47.061695 | N48: =D48*D$2+E48*E$2+F48*F$2+G48*G$2+H48*H$2+I48*I$2+J48*J$2+L48*L$2 -> -47.971121 | O48: =D48*D$3+E48*E$3+F48*F$3+H48*H$3+I48*I$3+J48*J$3+K48*K$3+L48*L$3 -> -44.04271 | Q48: =(M48-$R$3)/($R$2-$R$3)*100 -> 42.95617
A49: 79 | B49: 0 | C49: 0 | D49: 14.524207 | E49: 66.666667 | F49: 0 | G49: 0 | H49: 25 | I49: 66.666667 | J49: 63.895282 | K49: 0 | L49: 37.445014 | M49: =D49*D$1+E49*E$1+F49*F$1+G49*G$1+H49*H$1+I49*I$1+J49*J$1+K49*K$1+L49*L$1 -> -30.714267 | N49: =D49*D$2+E49*E$2+F49*F$2+G49*G$2+H49*H$2+I49*I$2+J49*J$2+L49*L$2 -> -32.748913 | O49: =D49*D$3+E49*E$3+F49*F$3+H49*H$3+I49*I$3+J49*J$3+K49*K$3+L49*L$3 -> -32.465851 | Q49: =(M49-$R$3)/($R$2-$R$3)*100 -> 59.303598
A50: 81 | B50: 1 | C50: 0 | D50: 12.820457 | E50: 66.666667 | F50: 0 | G50: 100 | H50: 75 | I50: 50 | J50: 19.303797 | K50: 0 | L50: 42.760512 | M50: =D50*D$1+E50*E$1+F50*F$1+G50*G$1+H50*H$1+I50*I$1+J50*J$1+K50*K$1+L50*L$1 -> -34.715197 | N50: =D50*D$2+E50*E$2+F50*F$2+G50*G$2+H50*H$2+I50*I$2+J50*J$2+L50*L$2 -> -37.014883 | O50: =D50*D$3+E50*E$3+F50*F$3+H50*H$3+I50*I$3+J50*J$3+K50*K$3+L50*L$3 -> -30.992111 | Q50: =(M50-$R$3)/($R$2-$R$3)*100 -> 55.302668
A51: 85 | B51: 1 | C51: 0 | D51: 18.669771 | E51: 100 | F51: 100 | G51: 100 | H51: 100 | I51: 50 | J51: 9.004603 | K51: 33.333333 | L51: 54.958492 | M51: =D51*D$1+E51*E$1+F51*F$1+G51*G$1+H51*H$1+I51*I$1+J51*J$1+K51*K$1+L51*L$1 -> -56.133552 | N51: =D51*D$2+E51*E$2+F51*F$2+G51*G$2+H51*H$2+I51*I$2+J51*J$2+L51*L$2 -> -57.643937 | O51: =D51*D$3+E51*E$3+F51*F$3+H51*H$3+I51*I$3+J51*J$3+K51*K$3+L51*L$3 -> -53.63192 | Q51: =(M51-$R$3)/($R$2-$R$3)*100 -> 33.884313
A52: 87 | B52: 0 | C52: 0 | D52: 19.371387 | E52: 100 | F52: 0 | G52: 0 | H52: 100 | I52: 33.333333 | J52: 1.6973533 | K52: 33.333333 | L52: 47.123613 | M52: =D52*D$1+E52*E$1+F52*F$1+G52*G$1+H52*H$1+I52*I$1+J52*J$1+K52*K$1+L52*L$1 -> -32.860063 | N52: =D52*D$2+E52*E$2+F52*F$2+G52*G$2+H52*H$2+I52*I$2+J52*J$2+L52*L$2 -> -32.828712 | O52: =D52*D$3+E52*E$3+F52*F$3+H52*H$3+I52*I$3+J52*J$3+K52*K$3+L52*L$3 -> -34.734019 | Q52: =(M52-$R$3)/($R$2-$R$3)*100 -> 57.157802
A53: 90 | B53: 0 | C53: 0 | D53: 20.987006 | E53: 0 | F53: 0 | G53: 100 | H53: 100 | I53: 33.333333 | J53: 2.2439586 | K53: 0 | L53: 25.981701 | M53: =D53*D$1+E53*E$1+F53*F$1+G53*G$1+H53*H$1+I53*I$1+J53*J$1+K53*K$1+L53*L$1 -> -22.606375 | N53: =D53*D$2+E53*E$2+F53*F$2+G53*G$2+H53*H$2+I53*I$2+J53*J$2+L53*L$2 -> -24.10392 | O53: =D53*D$3+E53*E$3+F53*F$3+H53*H$3+I53*I$3+J53*J$3+K53*K$3+L53*L$3 -> -18.192743 | Q53: =(M53-$R$3)/($R$2-$R$3)*100 -> 67.41149
A54: 92 | B54: 0 | C54: 0 | D54: 21.359948 | E54: 33.333333 | F54: 0 | G54: 100 | H54: 100 | I54: 33.333333 | J54: 12.255466 | K54: 33.333333 | L54: 24.168385 | M54: =D54*D$1+E54*E$1+F54*F$1+G54*G$1+H54*H$1+I54*I$1+J54*J$1+K54*K$1+L54*L$1 -> -28.242863 | N54: =D54*D$2+E54*E$2+F54*F$2+G54*G$2+H54*H$2+I54*I$2+J54*J$2+L54*L$2 -> -27.905648 | O54: =D54*D$3+E54*E$3+F54*F$3+H54*H$3+I54*I$3+J54*J$3+K54*K$3+L54*L$3 -> -24.150671 | Q54: =(M54-$R$3)/($R$2-$R$3)*100 -> 61.775002
A55: 96 | B55: 0 | C55: 0 | D55: 13.02666 | E55: 100 | F55: 0 | G55: 100 | H55: 100 | I55: 50 | J55: 7.5373993 | K55: 33.333333 | L55: 61.377237 | M55: =D55*D$1+E55*E$1+F55*F$1+G55*G$1+H55*H$1+I55*I$1+J55*J$1+K55*K$1+L55*L$1 -> -44.878726 | N55: =D55*D$2+E55*E$2+F55*F$2+G55*G$2+H55*H$2+I55*I$2+J55*J$2+L55*L$2 -> -45.643543 | O55: =D55*D$3+E55*E$3+F55*F$3+H55*H$3+I55*I$3+J55*J$3+K55*K$3+L55*L$3 -> -41.73525 | Q55: =(M55-$R$3)/($R$2-$R$3)*100 -> 45.139139
A56: 97 | B56: 0 | C56: 0 | D56: 13.189078 | E56: 66.666667 | F56: 0 | G56: 100 | H56: 100 | I56: 50 | J56: 5.7249712 | K56: 33.333333 | L56: 57.973763 | M56: =D56*D$1+E56*E$1+F56*F$1+G56*G$1+H56*H$1+I56*I$1+J56*J$1+K56*K$1+L56*L$1 -> -41.027504 | N56: =D56*D$2+E56*E$2+F56*F$2+G56*G$2+H56*H$2+I56*I$2+J56*J$2+L56*L$2 -> -41.5372 | O56: =D56*D$3+E56*E$3+F56*F$3+H56*H$3+I56*I$3+J56*J$3+K56*K$3+L56*L$3 -> -37.664399 | Q56: =(M56-$R$3)/($R$2-$R$3)*100 -> 48.990361
A57: 98 | B57: 0 | C57: 0 | D57: 14.36132 | E57: 0 | F57: 0 | G57: 100 | H57: 100 | I57: 33.333333 | J57: 10.443038 | K57: 66.666667 | L57: 58.211486 | M57: =D57*D$1+E57*E$1+F57*F$1+G57*G$1+H57*H$1+I57*I$1+J57*J$1+K57*K$1+L57*L$1 -> -36.334344 | N57: =D57*D$2+E57*E$2+F57*F$2+G57*G$2+H57*H$2+I57*I$2+J57*J$2+L57*L$2 -> -34.324999 | O57: =D57*D$3+E57*E$3+F57*F$3+H57*H$3+I57*I$3+J57*J$3+K57*K$3+L57*L$3 -> -32.703596 | Q57: =(M57-$R$3)/($R$2-$R$3)*100 -> 53.68352
A58: 100 | B58: 0 | C58: 0 | D58: 14.438552 | E58: 66.666667 | F58: 0 | G58: 100 | H58: 100 | I58: 100 | J58: 4.5742232 | K58: 0 | L58: 54.721785 | M58: =D58*D$1+E58*E$1+F58*F$1+G58*G$1+H58*H$1+I58*I$1+J58*J$1+K58*K$1+L58*L$1 -> -43.174572 | N58: =D58*D$2+E58*E$2+F58*F$2+G58*G$2+H58*H$2+I58*I$2+J58*J$2+L58*L$2 -> -46.034644 | O58: =D58*D$3+E58*E$3+F58*F$3+H58*H$3+I58*I$3+J58*J$3+K58*K$3+L58*L$3 -> -39.933911 | Q58: =(M58-$R$3)/($R$2-$R$3)*100 -> 46.843292
A59: 103 | B59: 0 | C59: 0 | D59: 17.987659 | E59: 66.666667 | F59: 0 | G59: 0 | H59: 100 | I59: 33.333333 | J59: 42.865362 | K59: 0 | L59: 37.770391 | M59: =D59*D$1+E59*E$1+F59*F$1+G59*G$1+H59*H$1+I59*I$1+J59*J$1+K59*K$1+L59*L$1 -> -31.107071 | N59: =D59*D$2+E59*E$2+F59*F$2+G59*G$2+H59*H$2+I59*I$2+J59*J$2+L59*L$2 -> -33.167739 | O59: =D59*D$3+E59*E$3+F59*F$3+H59*H$3+I59*I$3+J59*J$3+K59*K$3+L59*L$3 -> -32.881057 | Q59: =(M59-$R$3)/($R$2-$R$3)*100 -> 58.910794
... A437: 553 | B437: 0 | C437: 0 | D437: 41.937022 | E437: 33.333333 | F437: 0 | G437: 0 | H437: 75 | I437: 16.666667 | J437: 33.601841 | K437: 66.666667 | L437: 1.276734 | M437: =D437*D$1+E437*E$1+F437*F$1+G437*G$1+H437*H$1+I437*I$1+J437*J$1+K437*K$1+L437*L$1 -> -15.935899 | N437: =D437*D$2+E437*E$2+F437*F$2+G437*G$2+H437*H$2+I437*I$2+J437*J$2+L437*L$2 -> -12.575272 | O437: =D437*D$3+E437*E$3+F437*F$3+H437*H$3+I437*I$3+J437*J$3+K437*K$3+L437*L$3 -> -16.844697 | Q437: =(M437-$R$3)/($R$2-$R$3)*100 -> 74.081966

Sheet веса показателей
M3: ревитализация
G4: Атрибуты нормализованных показателей | H4: Весовой коэффициент | N4: на данных | O4: теоретический
H5: для потенциала ревитализации | I5: для потенциала сноса | M5: max | N5: 66.647988 | O5: 82.351828 | S5: для ревитализации | T5: для сноса
G6: to_centre | H6: -0.17648172 | I6: 0.099821352 | M6: min | N6: -6.3390447 | O6: -17.648172 | R6: min | S6: -17.648172 | T6: -90.017865
G7: condition | H7: 0.12451516 | I7: -0.083162856 | R7: max | S7: 82.351828 | T7: 9.9821352
G8: value | I8: -0.13201005
G9: b_n | H9: 0.088463961 | I9: -0.053951594
G10: zone | H10: 0.14524513 | I10: -0.091442745 | M10: снос
G11: floors | H11: 0.1460004 | I11: -0.1056882 | N11: на данных | O11: теоретический
G12: s_base | I12: -0.12726155 | M12: max | N12: 2.4073829 | O12: 9.9821352
G13: complexity | H13: 0.065128271 | I13: -0.062128677 | M13: min | N13: -72.855727 | O13: -90.017865
G14: int_v_service | H14: 0.25416535
G15: int_s_service | I15: -0.24453297
M19: средний norm_int_v_potential для восстановленных | N19: минимальный norm_int_v_potential для восстановленных
M20: 59.034686 | N20: 20.14983
M22: средний norm_int_s_potential для снесённых | N22: минимальный norm_int_s_potential для снесённых
M23: 74.18726 | N23: 50.222301
M27: для восстановленных зданий | O27: для снесённых зданий
M28: Среднее значение потенциала ревитализации | N28: 59.034686 | O28: Среднее значение потенциала сноса | P28: 74.18726
M29: Минимальное значение потенциала ревитализации | N29: 20.14983 | O29: Минимальное значение потенциала сноса | P29: 50.222301

Sheet комбинации потенциалов
B3: Варианты комбинаций потенциала
B4: ревитализации | C4: сноса | D4: название атрибута | E4: кол-во случаев | F4: формула | G4: значение | H4: рекомендации
B5: >= 59 | C5: <50 | D5: pv59_ps50 | E5: 86 | F5: case when "norm_int_v_potential" >= 59 then (case when "norm_int_s_potential" < 50 then 1 else 0 end) else 0 end | G5: высокий потенциал ревитализации и низкий потенциал сноса | H5: ревитализация
B6: >= 59 | C6: 50-74 | D6: pv59_ps50_74 | E6: 37 | F6: case when "norm_int_v_potential" >= 59 then (case when "norm_int_s_potential" >= 50 then (case when "norm_int_s_potential" < 74 then 1 else 0 end) else 0 end) else 0 end | G6: высокий потенциал ревитализации и средний потенциал сноса | H6: ревитализация
B7: >= 59 | C7: >= 74 | D7: pv59_ps74 | E7: 0 | F7: case when "norm_int_v_potential" >= 59 then (case when "norm_int_s_potential" >= 74 then 1 else 0 end) else 0 end | G7: высокий потенциал ревитализации и высокий потенциал сноса
B8: 20-59 | C8: <50 | D8: pv20_59_ps50 | E8: 23 | F8: case when "norm_int_v_potential" >= 20 then (case when "norm_int_v_potential" < 59 then (case when "norm_int_s_potential" < 50 then 1 else 0 end) else 0 end) else 0 end | G8: средний потенциал ревитализации и низкий потенциал сноса | H8: консервация
B9: 20-59 | C9: 50-74 | D9: pv20_59_ps50_74 | E9: 198 | F9: case when "norm_int_v_potential" >= 20 then (case when "norm_int_v_potential" < 59 then (case when "norm_int_s_potential" >= 50 then (case when "norm_int_s_potential" < 74 then 1 else 0 end) else 0 end) else 0 end) else 0 end | G9: средний потенциал ревитализации и средний потенциал сноса | H9: консервация
B10: 20-59 | C10: >= 74 | D10: pv20_59_ps74 | E10: 69 | F10: case when "norm_int_v_potential" >= 20 then (case when "norm_int_v_potential" < 59 then (case when "norm_int_s_potential" >= 74 then 1 else 0 end) else 0 end) else 0 end | G10: средний потенциал ревитализации и высокий потенциал сноса | H10: консервация
B11: <20 | C11: <50 | D11: pv20_ps50 | E11: 0 | F11: case when "norm_int_v_potential" < 20 then (case when "norm_int_s_potential" < 50 then 1 else 0 end) else 0 end | G11: низкий потенциал ревитализации и низкий потенциал сноса
B12: <20 | C12: 50-74 | D12: pv20_ps50_74 | E12: 1 | F12: case when "norm_int_v_potential" < 20 then (case when "norm_int_s_potential" >= 50 then (case when "norm_int_s_potential" < 74 then 1 else 0 end) else 0 end) else 0 end | G12: низкий потенциал ревитализации и средний потенциал сноса | H12: снос
B13: <20 | C13: >= 74 | D13: pv20_ps74 | E13: 17 | F13: case when "norm_int_v_potential" < 20 then (case when "norm_int_s_potential" >= 74 then 1 else 0 end) else 0 end | G13: низкий потенциал ревитализации и высокий потенциал сноса | H13: снос
E14: =SUM(E5:E13) -> 431
B18: Потенциал ревитализации | C18: кол-во объектов | D18: значение | F18: Потенциал сноса | G18: кол-во объектов | H18: значение
B19: >= 59 | C19: =SUM(E5:E7) -> 123 | D19: высокий потенциал ревитализации | F19: >= 74 | G19: =E7+E10+E13 -> 86 | H19: высокий потенциал сноса
B20: 20-59 | C20: =SUM(E8:E10) -> 290 | D20: средний потенциал ревитализации | F20: 50-74 | G20: =E6+E9+E12 -> 236 | H20: средний потенциал сноса
B21: <20 | C21: =SUM(E11:E13) -> 18 | D21: низкий потенциал ревитализации | F21: <50 | G21: =E5+E8+E11 -> 109 | H21: низкий потенциал сноса

Sheet Лист2
A1: id | B1: vosstanovleno | C1: sneseno | D1: school | E1: kindergarten | F1: polyclinic | G1: supermarket | H1: PVZ | I1: obshepit | J1: hotel | K1: BC | L1: bank | M1: stop | N1: to_centre | O1: condition | P1: value | Q1: b_n | R1: zone | S1: floors | T1: s_base | U1: complexity
A2: 1 | B2: 0 | C2: 0 | D2: 4 | E2: 8 | F2: 1 | G2: 16 | H2: 20 | I2: 63 | J2: 22 | K2: 6 | L2: 11 | M2: 15 | N2: 2950.1895 | O2: 2 | P2: 1 | Q2: 1 | R2: 3 | S2: 3 | T2: 1134 | U2: 4
A3: 2 | B3: 0 | C3: 0 | D3: 0 | E3: 0 | F3: 0 | G3: 0 | H3: 0 | I3: 1 | J3: 0 | K3: 1 | L3: 0 | M3: 1 | N3: 4015.3889 | O3: 1 | P3: 1 | Q3: 0 | R3: 1 | S3: 2 | T3: 3997 | U3: 2
A4: 3 | B4: 0 | C4: 0 | D4: 4 | E4: 4 | F4: 0 | G4: 9 | H4: 9 | I4: 53 | J4: 12 | K4: 5 | L4: 2 | M4: 12 | N4: 1994.4867 | O4: 1 | P4: 0 | Q4: 1 | R4: 3 | S4: 2 | T4: 189 | U4: 2
A5: 5 | B5: 0 | C5: 0 | D5: 2 | E5: 7 | F5: 0 | G5: 6 | H5: 5 | I5: 55 | J5: 7 | K5: 1 | L5: 3 | M5: 9 | N5: 2100.1041 | O5: 3 | P5: 1 | Q5: 1 | R5: 3 | S5: 3 | T5: 645 | U5: 3
A6: 6 | B6: 0 | C6: 0 | D6: 4 | E6: 6 | F6: 0 | G6: 5 | H6: 5 | I6: 54 | J6: 9 | K6: 1 | L6: 3 | M6: 9 | N6: 2160.4127 | O6: 4 | P6: 1 | Q6: 1 | R6: 4 | S6: 2 | T6: 1292 | U6: 4
A7: 7 | B7: 0 | C7: 0 | D7: 4 | E7: 6 | F7: 0 | G7: 7 | H7: 9 | I7: 64 | J7: 13 | K7: 4 | L7: 3 | M7: 8 | N7: 2350.988 | O7: 2 | P7: 0 | Q7: 1 | R7: 4 | S7: 2 | T7: 914 | U7: 4
A8: 17 | B8: 0 | C8: 0 | D8: 0 | E8: 0 | F8: 0 | G8: 3 | H8: 2 | I8: 36 | J8: 1 | K8: 0 | L8: 0 | M8: 7 | N8: 5361.1487 | O8: 3 | P8: 0 | Q8: 1 | R8: 3 | S8: 2 | T8: 139 | U8: 1
A9: 20 | B9: 0 | C9: 0 | D9: 1 | E9: 1 | F9: 1 | G9: 9 | H9: 8 | I9: 19 | J9: 9 | K9: 13 | L9: 3 | M9: 16 | N9: 4156.612 | O9: 2 | P9: 1 | Q9: 1 | R9: 3 | S9: 3 | T9: 1311 | U9: 3
A10: 21 | B10: 0 | C10: 1 | D10: 1 | E10: 3 | F10: 0 | G10: 9 | H10: 11 | I10: 32 | J10: 7 | K10: 0 | L10: 0 | M10: 10 | N10: 5138.2025 | O10: 1 | P10: 0 | Q10: 1 | R10: 4 | S10: 3 | T10: 400 | U10: 4
A11: 22 | B11: 0 | C11: 0 | D11: 4 | E11: 6 | F11: 0 | G11: 5 | H11: 5 | I11: 16 | J11: 3 | K11: 8 | L11: 0 | M11: 17 | N11: 3970.0577 | O11: 4 | P11: 0 | Q11: 1 | R11: 3 | S11: 4 | T11: 931 | U11: 1
A12: 27 | B12: 1 | C12: 0 | D12: 4 | E12: 6 | F12: 1 | G12: 20 | H12: 20 | I12: 45 | J12: 13 | K12: 5 | L12: 10 | M12: 17 | N12: 3300.0404 | O12: 3 | P12: 1 | Q12: 1 | R12: 4 | S12: 2 | T12: 274 | U12: 2
A13: 29 | B13: 0 | C13: 0 | D13: 7 | E13: 5 | F13: 2 | G13: 14 | H13: 16 | I13: 50 | J13: 16 | K13: 13 | L13: 7 | M13: 20 | N13: 2690.8462 | O13: 3 | P13: 1 | Q13: 1 | R13: 4 | S13: 2 | T13: 383 | U13: 3
... A432: 553 | B432: 0 | C432: 0 | D432: 0 | E432: 0 | F432: 0 | G432: 0 | H432: 0 | I432: 2 | J432: 0 | K432: 0 | L432: 0 | M432: 3 | N432: 9308.7609 | O432: 2 | P432: 0 | Q432: 0 | R432: 3 | S432: 1 | T432: 1168 | U432: 3
A433: =SUBTOTAL(103,Таблица3[id]) -> 431 | B433: =SUBTOTAL(103,Таблица3[vosstanovleno]) -> 431 | C433: =SUBTOTAL(103,Таблица3[sneseno]) -> 431 | D433: =SUBTOTAL(103,Таблица3[school]) -> 431 | E433: =SUBTOTAL(103,Таблица3[kindergarten]) -> 431 | F433: =SUBTOTAL(103,Таблица3[polyclinic]) -> 431 | G433: =SUBTOTAL(103,Таблица3[supermarket]) -> 431 | H433: =SUBTOTAL(103,Таблица3[PVZ]) -> 431 | I433: =SUBTOTAL(103,Таблица3[obshepit]) -> 431 | J433: =SUBTOTAL(103,Таблица3[hotel]) -> 431 | K433: =SUBTOTAL(103,Таблица3[BC]) -> 431 | L433: =SUBTOTAL(103,Таблица3[bank]) -> 431 | M433: =SUBTOTAL(103,Таблица3[stop]) -> 431 | N433: =SUBTOTAL(103,Таблица3[to_centre]) -> 431 | O433: =SUBTOTAL(103,Таблица3[condition]) -> 431 | P433: =SUBTOTAL(103,Таблица3[value]) -> 431 | Q433: =SUBTOTAL(103,Таблица3[b_n ]) -> 431 | R433: =SUBTOTAL(103,Таблица3[zone]) -> 431 | S433: =SUBTOTAL(103,Таблица3[floors]) -> 431 | T433: =SUBTOTAL(103,Таблица3[s_base]) -> 431 | U433: =SUBTOTAL(103,Таблица3[complexity]) -> 431

Sheet Лист3
B2: school | F2: kindergarten | J2: polyclinic | N2: supermarket | R2: PVZ | V2: obshepit | Z2: hotel | AD2: BC | AH2: bank | AL2: stop | AP2: to_centre | AT2: condition | AX2: value | BB2: b_n | BF2: zone | BJ2: floors | BN2: s_base | BR2: complexity
B3: значения | C3: количество объектов | F3: значения | G3: количество объектов | J3: значения | K3: количество объектов | N3: значения | O3: количество объектов | R3: значения | S3: количество объектов | V3: значения | W3: количество объектов | Z3: значения | AA3: количество объектов | AD3: значения | AE3: количество объектов | AH3: значения | AI3: количество объектов | AL3: значения | AM3: количество объектов | AP3: значения | AQ3: количество объектов | AT3: значения | AU3: количество объектов | AX3: значения | AY3: количество объектов | BB3: значения | BC3: количество объектов | BF3: значения | BG3: количество объектов | BJ3: значения | BK3: количество объектов | BN3: значения | BO3: количество объектов | BR3: значения | BS3: количество объектов
B4: 0 | C4: 177 | F4: 0 | G4: 125 | J4: 0 | K4: 275 | N4: 0 | O4: 82 | R4: 0 | S4: 84 | V4: 0 | W4: 43 | Z4: 0 | AA4: 181 | AD4: 0 | AE4: 116 | AH4: 0 | AI4: 242 | AL4: 0 | AM4: 26 | AP4: 0-5 | AQ4: 181 | AS4: критическое | AT4: 1 | AU4: 105 | AW4: не ОКН | AX4: 0 | AY4: 322 | BA4: не гражданское | BB4: 0 | BC4: 130 | BE4: специального назначения | BF4: 0 | BG4: 2 | BJ4: 1-2 | BK4: 260 | BN4: 0-1 | BO4: 315 | BQ4: простая | BR4: 1 | BS4: 230
B5: 1-3 | C5: 192 | F5: 1-3 | G5: 181 | J5: 1-2 | K5: 134 | N5: 1-8 | O5: 212 | R5: 1-8 | S5: 190 | V5: 1-40 | W5: 320 | Z5: 1-14 | AA5: 196 | AD5: 1-10 | AE5: 260 | AH5: 1-4 | AI5: 135 | AL5: 1-7 | AM5: 173 | AP5: 5-10 | AQ5: 127 | AS5: плохое | AT5: 2 | AU5: 70 | AW5: ОКН | AX5: 1 | AY5: 109 | BA5: гражданское | BB5: 1 | BC5: 301 | BE5: производственная, инженерная, транспортная | BF5: 1 | BG5: 73 | BJ5: 3-4 | BK5: 123 | BN5: 1-2 | BO5: 76 | BQ5: простая усложнённая | BR5: 2 | BS5: 88
B6: 4-6 | C6: 54 | F6: 4-6 | G6: 74 | J6: 3-5 | K6: 22 | N6: 9-16 | O6: 99 | R6: 9-16 | S6: 119 | V6: 41-80 | W6: 43 | Z6: 15-28 | AA6: 32 | AD6: 11-20 | AE6: 46 | AH6: 5-8 | AI6: 36 | AL6: 8-14 | AM6: 138 | AP6: 10-15 | AQ6: 83 | AS6: удовлетворительное | AT6: 3 | AU6: 154 | AY6: =SUM(AY4:AY5) -> 431 | BC6: =SUM(BC4:BC5) -> 431 | BE6: рекреационная | BF6: 2 | BG6: 29 | BJ6: 5-6 | BK6: 41 | BN6: 2-3 | BO6: 21 | BQ6: средней сложности | BR6: 3 | BS6: 74
B7: 7-9 | C7: 8 | F7: 7-9 | G7: 30 | K7: =SUM(K4:K6) -> 431 | N7: 17-24 | O7: 29 | R7: 17-24 | S7: 29 | V7: 81-120 | W7: 15 | Z7: 29-42 | AA7: 17 | AD7: 21-30 | AE7: 8 | AH7: 9-12 | AI7: 16 | AL7: 15-21 | AM7: 73 | AP7: 15-20 | AQ7: 31 | AS7: хорошее | AT7: 4 | AU7: 102 | BE7: общественно-деловая | BF7: 3 | BG7: 153 | BJ7: 7-8 | BK7: 5 | BN7: 3-4 | BO7: 9 | BQ7: сложная | BR7: 4 | BS7: 39
C8: =SUM(C4:C7) -> 431 | F8: 10-13 | G8: 21 | N8: 25-29 | O8: 9 | R8: 25-29 | S8: 9 | V8: 121-160 | W8: 10 | Z8: 43-56 | AA8: 5 | AD8: 31-37 | AE8: 1 | AH8: 13-14 | AI8: 2 | AL8: 22-28 | AM8: 21 | AP8: 20-24 | AQ8: 9 | AU8: =SUM(AU4:AU7) -> 431 | BE8: жилая | BF8: 4 | BG8: 174 | BJ8: 9 | BK8: 2 | BN8: 4-24 | BO8: 10 | BS8: =SUM(BS4:BS7) -> 431
G9: =SUM(G4:G8) -> 431 | O9: =SUM(O4:O8) -> 431 | S9: =SUM(S4:S8) -> 431 | W9: =SUM(W4:W8) -> 431 | AA9: =SUM(AA4:AA8) -> 431 | AE9: =SUM(AE4:AE8) -> 431 | AI9: =SUM(AI4:AI8) -> 431 | AM9: =SUM(AM4:AM8) -> 431 | AQ9: =SUM(AQ4:AQ8) -> 431 | BG9: =SUM(BG4:BG8) -> 431 | BK9: =SUM(BK4:BK8) -> 431 | BO9: =SUM(BO4:BO8) -> 431
